phone,screen_size,paresed_price,announced_year,length_mm,width_mm,depth_mm,weight_oz,screen ratio,touchscreen,total_pixels,card_slot,battery_size,bluetooth_m,fast_chaging_power,SAR_EU_head,storage,lens_count,removable_B_Removable,cores_hexa,cores_octa,cores_quad,cores_single,gpu_manufacturer_Broadcom,gpu_manufacturer_Mali,gpu_manufacturer_NO,gpu_manufacturer_PowerVR,gpu_manufacturer_ULP,gpu_manufacturer_Vivante,wlan_ac,wlan_ax,wlan_g,wlan_n,network_g_4g,network_g_5g,network_g_nan
Galaxy Xcover 4s,5.0,260,2019,146.2,73.3,9.7,6.07,0.643,1,921600.0,1,2800.0,5,0,0.91,32768.0,1,1,0,1,0,0,0,1,0,0,0,0,1,0,0,0,1,0,0
Galaxy M40,6.3,200,2019,155.3,73.9,7.9,5.93,0.8490000000000001,1,2527200.0,1,3500.0,5,1,0.27,131072.0,3,0,0,1,0,0,0,0,0,0,0,0,1,0,0,0,1,0,0
Galaxy S10+,6.4,830,2019,157.6,74.1,7.8,6.17,0.889,1,4377600.0,1,4100.0,5,1,0.52,524288.0,3,0,0,1,0,0,0,1,0,0,0,0,0,1,0,0,1,0,0
Galaxy S10,6.1,660,2019,149.9,70.4,7.8,5.54,0.883,1,4377600.0,1,3400.0,5,1,0.48,524288.0,3,0,0,1,0,0,0,1,0,0,0,0,0,1,0,0,1,0,0
Galaxy S10e,5.8,560,2019,142.2,69.9,7.9,5.29,0.833,1,2462400.0,1,3100.0,5,1,0.58,262144.0,2,0,0,1,0,0,0,1,0,0,0,0,0,1,0,0,1,0,0
Galaxy A2 Core,5.0,70,2019,141.6,71.0,9.1,5.01,0.6859999999999999,1,518400.0,1,2600.0,4,0,0.53,16384.0,1,1,0,1,0,0,0,1,0,0,0,0,0,0,0,1,1,0,0
Galaxy M30,6.4,260,2019,159.0,75.1,8.5,6.14,0.8420000000000001,1,2527200.0,1,5000.0,5,1,0.5218382352941175,131072.0,3,0,0,1,0,0,0,1,0,0,0,0,1,0,0,0,1,0,0
Galaxy M20,6.3,230,2019,156.4,74.5,8.8,6.56,0.836,1,2527200.0,1,5000.0,5,1,0.25,65536.0,2,0,0,1,0,0,0,1,0,0,0,0,0,0,0,1,1,0,0
Galaxy M10,6.22,100,2019,155.6,75.6,7.7,5.75,0.821,1,1094400.0,1,3400.0,4,0,0.24,32768.0,2,0,0,1,0,0,0,1,0,0,0,0,0,0,0,1,1,0,0
Galaxy A80,6.7,650,2019,165.2,76.5,9.3,7.76,0.858,1,2592000.0,0,3700.0,5,1,0.22,131072.0,3,0,0,1,0,0,0,0,0,0,0,0,1,0,0,0,1,0,0
Galaxy A70,6.7,330,2019,164.3,76.7,7.9,6.46,0.86,1,2592000.0,1,4500.0,5,1,0.35,131072.0,3,0,0,1,0,0,0,0,0,0,0,0,1,0,0,0,1,0,0
Galaxy A60,6.3,290,2019,155.3,73.9,7.9,5.93,0.8490000000000001,1,2527200.0,1,3500.0,5,1,0.27,131072.0,3,0,0,1,0,0,0,0,0,0,0,0,1,0,0,0,1,0,0
Galaxy A50,6.4,250,2019,158.5,74.7,7.7,5.86,0.8490000000000001,1,2527200.0,1,4000.0,5,1,0.27,131072.0,3,0,0,1,0,0,0,1,0,0,0,0,1,0,0,0,1,0,0
Galaxy A40,5.9,220,2019,144.4,69.2,7.9,4.94,0.855,1,2527200.0,1,3100.0,5,1,0.49,65536.0,2,0,0,1,0,0,0,1,0,0,0,0,1,0,0,0,1,0,0
Galaxy A30,6.4,230,2019,158.5,74.7,7.7,5.82,0.8490000000000001,1,2527200.0,1,4000.0,5,1,0.25,65536.0,2,0,0,1,0,0,0,1,0,0,0,0,1,0,0,0,1,0,0
Galaxy A20e,5.8,180,2019,147.4,69.7,8.4,4.97,0.804,1,1123200.0,1,3000.0,5,1,0.5,32768.0,2,0,0,1,0,0,0,1,0,0,0,0,0,0,0,1,1,0,0
Galaxy A20,6.4,200,2019,158.4,74.7,7.8,5.96,0.85,1,1123200.0,1,4000.0,5,1,0.23,32768.0,2,0,0,1,0,0,0,1,0,0,0,0,0,0,0,1,1,0,0
Galaxy A10,6.2,120,2019,155.6,75.6,7.9,5.93,0.816,1,1094400.0,1,3400.0,5,0,0.32,32768.0,1,0,0,1,0,0,0,1,0,0,0,0,0,0,0,1,1,0,0
Galaxy A8s,6.4,400,2018,158.4,74.9,7.4,6.1,0.847,1,2527200.0,0,3400.0,5,1,0.24,131072.0,3,0,0,1,0,0,0,0,0,0,0,0,1,0,0,0,1,0,0
Galaxy A6s,6.0,300,2018,156.3,76.5,8.4,6.46,0.777,1,2332800.0,1,3300.0,4,0,0.5218382352941175,131072.0,2,0,0,1,0,0,0,0,0,0,0,0,0,0,0,1,1,0,0
Galaxy A9 (2018),6.3,350,2018,162.5,77.0,7.8,6.46,0.8009999999999999,1,2397600.0,1,3800.0,5,1,0.35,131072.0,4,0,0,1,0,0,0,0,0,0,0,0,1,0,0,0,1,0,0
Galaxy A7 (2018),6.0,260,2018,159.8,76.8,7.5,5.93,0.7440000000000001,1,2397600.0,1,3300.0,5,0,0.34,131072.0,3,0,0,1,0,0,0,1,0,0,0,0,1,0,0,0,1,0,0
Galaxy Note9,6.4,650,2018,161.9,76.4,8.8,7.09,0.8340000000000001,1,4262400.0,1,4000.0,5,1,0.5218382352941175,524288.0,2,0,0,1,0,0,0,1,0,0,0,0,1,0,0,0,1,0,0
Galaxy J6+,6.0,190,2018,161.4,76.9,7.9,6.28,0.736,1,1065600.0,1,3300.0,4,0,0.31,65536.0,2,0,0,0,1,0,0,0,0,0,0,0,0,0,0,1,1,0,0
Galaxy J4 Core,6.0,150,2018,160.6,76.1,7.9,6.24,0.748,1,1065600.0,1,3300.0,4,0,0.34,16384.0,1,0,0,0,1,0,0,0,0,0,0,0,0,0,0,1,1,0,0
Galaxy J4+,6.0,150,2018,161.4,76.9,7.9,6.28,0.736,1,1065600.0,1,3300.0,4,0,0.32,32768.0,1,0,0,0,1,0,0,0,0,0,0,0,0,0,0,1,1,0,0
Galaxy J2 Core,5.0,100,2018,143.4,72.1,8.9,5.43,0.667,1,518400.0,1,2600.0,4,0,1.39,8192.0,1,1,0,0,1,0,0,1,0,0,0,0,0,0,0,1,1,0,0
Galaxy On6,5.6,100,2018,149.3,70.2,8.2,5.43,0.759,1,1065600.0,1,3000.0,4,0,0.81,65536.0,1,0,0,1,0,0,0,1,0,0,0,0,0,0,0,1,1,0,0
Galaxy J7 (2018),5.5,200,2018,153.2,76.2,8.6,6.38,0.7140000000000001,1,921600.0,1,3300.0,4,0,0.5218382352941175,32768.0,1,0,0,1,0,0,0,1,0,0,0,0,1,0,0,0,1,0,0
Galaxy J3 (2018),5.0,150,2018,142.7,70.1,8.9,5.36,0.6890000000000001,1,921600.0,1,2600.0,4,0,0.5218382352941175,16384.0,1,1,0,0,1,0,0,1,0,0,0,0,0,0,0,1,1,0,0
Galaxy A8 Star (A9 Star),6.3,350,2018,162.4,77.0,7.6,6.74,0.8059999999999999,1,2397600.0,1,3700.0,5,1,0.43,65536.0,2,0,0,1,0,0,0,0,0,0,0,0,1,0,0,0,1,0,0
Galaxy S Light Luxury,5.8,400,2018,148.9,68.1,8.0,5.29,0.8420000000000001,1,2397600.0,1,3000.0,5,0,0.5218382352941175,65536.0,1,0,0,1,0,0,0,0,0,0,0,0,1,0,0,0,1,0,0
Galaxy J8,6.0,250,2018,159.2,75.7,8.2,6.24,0.758,1,1065600.0,1,3500.0,4,0,0.57,65536.0,2,0,0,1,0,0,0,0,0,0,0,0,0,0,0,1,1,0,0
Galaxy J6,5.6,180,2018,149.3,70.2,8.2,5.43,0.765,1,1065600.0,1,3000.0,4,0,0.81,65536.0,1,0,0,1,0,0,0,1,0,0,0,0,0,0,0,1,1,0,0
Galaxy J4,5.5,140,2018,151.7,77.2,8.1,6.17,0.7120000000000001,1,921600.0,1,3000.0,4,0,0.5218382352941175,32768.0,1,1,0,0,1,0,0,1,0,0,0,0,0,0,0,1,1,0,0
Galaxy A6+ (2018),6.0,280,2018,160.2,75.7,7.9,6.56,0.753,1,2397600.0,1,3500.0,4,0,0.5218382352941175,65536.0,2,0,0,1,0,0,0,0,0,0,0,0,0,0,0,1,1,0,0
Galaxy A6 (2018),5.6,200,2018,149.9,70.8,7.7,5.71,0.75,1,1065600.0,1,3000.0,4,0,0.49,65536.0,1,0,0,1,0,0,0,1,0,0,0,0,0,0,0,1,1,0,0
Galaxy J7 Duo,5.5,240,2018,153.5,77.2,8.2,6.14,0.7040000000000001,1,921600.0,1,3000.0,4,0,0.5218382352941175,32768.0,2,1,0,1,0,0,0,1,0,0,0,0,1,0,0,0,1,0,0
Galaxy J7 Prime 2,5.5,170,2018,151.7,75.0,8.0,6.0,0.733,1,2073600.0,1,3300.0,4,0,0.37,32768.0,1,0,0,1,0,0,0,1,0,0,0,0,0,0,0,1,1,0,0
Galaxy S9+,6.2,560,2018,158.1,73.8,8.5,6.67,0.8420000000000001,1,4262400.0,1,3500.0,5,1,0.5218382352941175,262144.0,2,0,0,1,0,0,0,1,0,0,0,0,1,0,0,0,1,0,0
Galaxy S9,5.8,490,2018,147.7,68.7,8.5,5.75,0.836,1,4262400.0,1,3000.0,5,1,0.5218382352941175,262144.0,1,0,0,1,0,0,0,1,0,0,0,0,1,0,0,0,1,0,0
Galaxy J2 Pro (2018),5.0,120,2018,143.8,72.3,8.4,5.4,0.6629999999999999,1,518400.0,1,2600.0,4,0,0.5218382352941175,16384.0,1,1,0,0,1,0,0,0,0,0,0,0,0,0,0,1,1,0,0
Galaxy A8+ (2018),6.0,300,2017,159.9,75.7,8.3,6.74,0.755,1,2397600.0,1,3500.0,5,1,0.32,65536.0,2,0,0,1,0,0,0,1,0,0,0,0,1,0,0,0,1,0,0
Galaxy A8 (2018),5.6,270,2017,149.2,70.6,8.4,6.07,0.7559999999999999,1,2397600.0,1,3000.0,5,1,0.24,65536.0,2,0,0,1,0,0,0,1,0,0,0,0,1,0,0,0,1,0,0
Galaxy J2 (2017),4.7,120,2017,136.5,69.0,8.4,4.59,0.647,1,518400.0,1,2000.0,4,0,0.5218382352941175,8192.0,1,1,0,0,1,0,0,1,0,0,0,0,0,0,0,1,1,0,0
Galaxy C7 (2017),5.5,230,2017,152.4,74.7,7.9,6.35,0.733,1,2073600.0,1,3000.0,4,0,0.98,32768.0,2,0,0,1,0,0,0,0,1,0,0,0,1,0,0,0,1,0,0
Galaxy Note8,6.3,550,2017,162.5,74.8,8.6,6.88,0.8320000000000001,1,4262400.0,1,3300.0,5,1,0.5218382352941175,262144.0,2,0,0,1,0,0,0,1,0,0,0,0,1,0,0,0,1,0,0
Galaxy S8 Active,5.8,850,2017,151.9,74.9,9.9,7.34,0.75,1,4262400.0,1,4000.0,5,1,0.5218382352941175,65536.0,1,0,0,1,0,0,0,0,0,0,0,0,1,0,0,0,1,0,0
Galaxy J7 V,5.5,240,2017,151.4,76.2,8.6,5.89,0.723,1,921600.0,1,3300.0,4,0,0.5218382352941175,16384.0,1,1,0,1,0,0,0,0,0,0,0,0,1,0,0,0,1,0,0
Galaxy Note FE,5.7,500,2017,153.5,73.9,7.9,5.89,0.79,1,3686400.0,1,3200.0,4,1,0.5218382352941175,65536.0,1,0,0,1,0,0,0,1,0,0,0,0,1,0,0,0,1,0,0
Galaxy J7 Max,5.7,170,2017,156.7,78.8,8.1,6.31,0.725,1,2073600.0,1,3300.0,4,0,0.46,32768.0,1,0,0,1,0,0,0,1,0,0,0,0,0,0,0,1,1,0,0
Galaxy J7 Pro,5.5,200,2017,152.5,74.8,8.0,6.38,0.731,1,2073600.0,1,3600.0,4,0,0.57,65536.0,1,0,0,1,0,0,0,1,0,0,0,0,1,0,0,0,1,0,0
Galaxy J7 (2017),5.5,200,2017,152.5,74.8,8.0,6.38,0.731,1,2073600.0,1,3600.0,4,0,0.57,16384.0,1,0,0,1,0,0,0,1,0,0,0,0,1,0,0,0,1,0,0
Galaxy J5 (2017),5.2,130,2017,146.2,71.3,8.0,5.64,0.715,1,921600.0,1,3000.0,4,0,0.35,16384.0,1,0,0,1,0,0,0,1,0,0,0,0,1,0,0,0,1,0,0
Galaxy J3 (2017),5.0,110,2017,143.2,70.3,8.2,5.01,0.685,1,921600.0,1,2400.0,4,0,0.66,16384.0,1,0,0,0,1,0,0,1,0,0,0,0,0,0,0,1,1,0,0
Galaxy Folder2,3.8,200,2017,122.0,60.2,16.1,5.82,0.56,1,384000.0,1,1950.0,4,0,0.5218382352941175,16384.0,1,1,0,0,1,0,0,0,0,0,0,0,0,0,0,1,1,0,0
Z4,4.5,80,2017,132.9,69.2,10.3,5.04,0.627,1,384000.0,1,2050.0,4,0,0.5218382352941175,8192.0,1,1,0,0,1,0,0,0,1,0,0,0,0,0,0,1,1,0,0
Galaxy S8,5.8,400,2017,148.9,68.1,8.0,5.47,0.836,1,4262400.0,1,3000.0,5,1,0.32,65536.0,1,0,0,1,0,0,0,1,0,0,0,0,1,0,0,0,1,0,0
Galaxy S8+,6.2,430,2017,159.5,73.4,8.1,6.1,0.84,1,4262400.0,1,3500.0,5,1,0.27,131072.0,1,0,0,1,0,0,0,1,0,0,0,0,1,0,0,0,1,0,0
Galaxy C5 Pro,5.2,220,2017,145.7,71.4,7.0,5.11,0.7170000000000001,1,2073600.0,1,2600.0,4,0,0.5218382352941175,65536.0,1,0,0,1,0,0,0,0,0,0,0,0,0,0,0,1,1,0,0
Galaxy Xcover 4,5.0,240,2017,146.2,73.3,9.7,6.07,0.643,1,921600.0,1,2800.0,4,0,0.61,16384.0,1,1,0,0,1,0,0,1,0,0,0,0,0,0,0,1,1,0,0
Galaxy J1 mini prime,4.0,110,2016,121.6,63.1,10.8,4.44,0.594,1,384000.0,1,1500.0,4,0,0.58,8192.0,1,1,0,0,1,0,0,1,0,0,0,0,0,0,0,1,1,0,0
Galaxy J3 Emerge,5.0,235,2017,140.9,70.1,8.7,5.19,0.698,1,921600.0,1,2600.0,4,0,0.5218382352941175,16384.0,1,1,0,1,0,0,0,0,0,0,0,0,0,0,0,1,1,0,0
Galaxy C7 Pro,5.7,300,2017,156.5,77.2,7.0,6.07,0.741,1,2073600.0,1,3300.0,4,1,0.5218382352941175,65536.0,1,0,0,1,0,0,0,0,0,0,0,0,1,0,0,0,1,0,0
Galaxy A7 (2017),5.7,280,2017,156.8,77.6,7.9,6.56,0.736,1,2073600.0,1,3600.0,4,1,0.21,32768.0,1,0,0,1,0,0,0,1,0,0,0,0,1,0,0,0,1,0,0
Galaxy A5 (2017),5.2,250,2017,146.1,71.4,7.9,5.54,0.715,1,2073600.0,1,3000.0,4,1,0.52,65536.0,1,0,0,1,0,0,0,1,0,0,0,0,1,0,0,0,1,0,0
Galaxy A3 (2017),4.7,220,2017,135.4,66.2,7.9,4.87,0.679,1,921600.0,1,2350.0,4,0,0.35,16384.0,1,0,0,1,0,0,0,1,0,0,0,0,1,0,0,0,1,0,0
Galaxy Grand Prime Plus,5.0,140,2016,144.8,72.1,8.9,5.64,0.66,1,518400.0,1,2600.0,4,0,0.53,8192.0,1,1,0,0,1,0,0,1,0,0,0,0,0,0,0,1,1,0,0
Galaxy J2 Prime,5.0,130,2016,144.8,72.1,8.9,5.64,0.66,1,518400.0,1,2600.0,4,0,0.53,8192.0,1,1,0,0,1,0,0,1,0,0,0,0,0,0,0,1,1,0,0
Galaxy C9 Pro,6.0,380,2016,162.9,80.7,6.9,6.67,0.755,1,2073600.0,1,4000.0,4,1,0.79,65536.0,1,0,0,1,0,0,0,0,0,0,0,0,1,0,0,0,1,0,0
Galaxy A8 (2016),5.7,300,2016,156.6,76.8,7.2,6.42,0.745,1,2073600.0,1,3300.0,4,0,0.13,32768.0,1,0,0,1,0,0,0,1,0,0,0,0,0,0,0,1,1,0,0
Galaxy On8,5.5,200,2016,151.7,76.0,7.8,5.96,0.723,1,2073600.0,1,3300.0,4,0,0.47,16384.0,1,1,0,1,0,0,0,1,0,0,0,0,0,0,0,1,1,0,0
Galaxy On7 (2016),5.5,200,2016,151.7,75.0,8.0,5.89,0.733,1,2073600.0,1,3300.0,4,1,0.5218382352941175,32768.0,1,0,0,1,0,0,0,0,0,0,0,0,0,0,0,1,1,0,0
Galaxy J5 Prime,5.0,120,2016,142.8,69.5,8.1,5.04,0.6940000000000001,1,921600.0,1,2400.0,4,0,0.42,32768.0,1,0,0,0,1,0,0,1,0,0,0,0,0,0,0,1,1,0,0
Galaxy J7 Prime,5.5,140,2016,151.7,75.0,8.0,5.89,0.733,1,2073600.0,1,3300.0,4,0,0.4,32768.0,1,0,0,1,0,0,0,1,0,0,0,0,0,0,0,1,1,0,0
Z2,4.0,80,2016,121.5,63.0,10.8,4.48,0.595,1,384000.0,1,1500.0,4,0,0.58,8192.0,1,1,0,0,1,0,0,1,0,0,0,0,0,0,0,1,1,0,0
Galaxy Note7 (USA),5.7,760,2016,153.5,73.9,7.9,5.96,0.79,1,3686400.0,1,3500.0,4,1,0.5218382352941175,65536.0,1,0,0,0,1,0,0,0,0,0,0,0,1,0,0,0,1,0,0
Galaxy Note7,5.7,850,2016,153.5,73.9,7.9,5.96,0.78,1,3686400.0,1,3500.0,4,1,0.25,65536.0,1,0,0,1,0,0,0,1,0,0,0,0,1,0,0,0,1,0,0
Galaxy On7 Pro,5.5,150,2016,152.0,78.0,8.0,6.07,0.703,1,921600.0,1,3000.0,4,0,0.38,16384.0,1,1,0,0,1,0,0,0,0,0,0,0,0,0,0,1,1,0,0
Galaxy On5 Pro,5.0,120,2016,142.3,72.1,8.5,5.26,0.672,1,921600.0,1,2600.0,4,0,0.4,16384.0,1,1,0,0,1,0,0,1,0,0,0,0,0,0,0,1,1,0,0
Galaxy J2 Pro (2016),5.0,140,2016,142.4,71.1,8.0,4.87,0.6809999999999999,1,921600.0,1,2600.0,4,0,0.59,16384.0,1,1,0,0,1,0,0,1,0,0,0,0,0,0,0,1,1,0,0
Galaxy J2 (2016),5.0,120,2016,142.4,71.1,8.0,4.87,0.6809999999999999,1,921600.0,1,2600.0,4,0,0.59,8192.0,1,1,0,0,1,0,0,1,0,0,0,0,0,0,0,1,1,0,0
Galaxy Xcover 3 G389F,4.5,200,2016,132.9,70.1,10.0,5.43,0.619,1,384000.0,1,2200.0,4,0,0.78,8192.0,1,1,0,0,1,0,0,1,0,0,0,0,0,0,0,1,1,0,0
Galaxy S7 active,5.1,360,2016,148.8,74.9,9.9,6.53,0.643,1,3686400.0,1,4000.0,4,1,0.32,32768.0,1,0,0,0,1,0,0,0,0,0,0,0,1,0,0,0,1,0,0
Galaxy J3 Pro,5.0,130,2016,142.2,71.3,8.0,4.9,0.68,1,921600.0,1,2600.0,4,0,0.43,16384.0,1,1,0,0,1,0,0,0,0,0,0,0,0,0,0,1,1,0,0
Galaxy C7,5.7,250,2016,156.6,77.2,6.8,5.96,0.741,1,2073600.0,1,3300.0,4,1,0.5218382352941175,65536.0,1,0,0,1,0,0,0,0,0,0,0,0,1,0,0,0,1,0,0
Galaxy C5,5.2,220,2016,145.9,72.0,6.7,5.04,0.71,1,2073600.0,1,2600.0,4,1,0.45,65536.0,1,0,0,1,0,0,0,0,0,0,0,0,0,0,0,1,1,0,0
Galaxy A9 Pro (2016),6.0,300,2016,161.7,80.9,7.9,7.41,0.759,1,2073600.0,1,5000.0,4,1,0.62,32768.0,1,0,0,1,0,0,0,0,0,0,0,0,1,0,0,0,1,0,0
Galaxy J7 (2016),5.5,230,2016,151.7,76.0,7.8,6.0,0.723,1,921600.0,1,3300.0,4,0,0.35,16384.0,1,1,0,1,0,0,0,0,0,0,0,0,0,0,0,1,1,0,0
Galaxy J5 (2016),5.2,190,2016,145.8,72.3,8.1,5.61,0.7070000000000001,1,921600.0,1,3100.0,4,0,0.45,16384.0,1,1,0,0,1,0,0,0,0,0,0,0,0,0,0,1,1,0,0
Galaxy S7,5.1,300,2016,142.4,69.6,7.9,5.36,0.721,1,3686400.0,1,3000.0,4,1,0.41,65536.0,1,0,0,1,0,0,0,1,0,0,0,0,1,0,0,0,1,0,0
Galaxy S7 edge,5.5,340,2016,150.9,72.6,7.7,5.54,0.7609999999999999,1,3686400.0,1,3600.0,4,1,0.26,131072.0,1,0,0,0,1,0,0,0,0,0,0,0,1,0,0,0,1,0,0
Galaxy S7 edge (USA),5.5,350,2016,150.9,72.6,7.7,5.54,0.7609999999999999,1,3686400.0,1,3600.0,4,1,0.5218382352941175,32768.0,1,0,0,0,1,0,0,0,0,0,0,0,1,0,0,0,1,0,0
Galaxy S7 (USA),5.1,320,2016,142.4,69.6,7.9,5.36,0.723,1,3686400.0,1,3000.0,4,1,0.5218382352941175,32768.0,1,0,0,0,1,0,0,0,0,0,0,0,1,0,0,0,1,0,0
Galaxy J1 Nxt,4.0,90,2016,126.6,63.1,10.8,4.34,0.57,1,384000.0,1,1500.0,4,0,0.76,8192.0,1,1,0,0,1,0,0,1,0,0,0,0,0,0,0,1,0,0,0
Galaxy J1 (2016),4.5,130,2016,132.6,69.3,8.9,4.62,0.627,1,384000.0,1,2050.0,4,0,0.7,8192.0,1,1,0,0,1,0,0,1,0,0,0,0,0,0,0,1,1,0,0
Galaxy A9 (2016),6.0,200,2015,161.7,80.9,7.4,7.05,0.759,1,2073600.0,1,4000.0,4,1,0.18,32768.0,1,0,0,1,0,0,0,0,0,0,0,0,1,0,0,0,1,0,0
Galaxy A7 (2016),5.5,190,2015,151.5,74.1,7.3,6.07,0.743,1,2073600.0,1,3300.0,4,1,0.41,16384.0,1,0,0,1,0,0,0,1,0,0,0,0,0,0,0,1,1,0,0
Galaxy A5 (2016),5.2,160,2015,144.8,71.0,7.3,5.47,0.725,1,2073600.0,1,2900.0,4,1,0.29,16384.0,1,0,0,1,0,0,0,1,0,0,0,0,0,0,0,1,1,0,0
Galaxy A3 (2016),4.7,130,2015,134.5,65.2,7.3,4.66,0.6940000000000001,1,921600.0,1,2300.0,4,0,0.49,16384.0,1,0,0,0,1,0,0,1,0,0,0,0,0,0,0,1,1,0,0
Galaxy Express Prime,5.0,110,2016,142.2,71.1,7.9,4.9,0.682,1,921600.0,1,2600.0,4,0,0.5218382352941175,16384.0,1,1,0,0,1,0,0,1,0,0,0,0,0,0,0,1,1,0,0
Galaxy J3 (2016),5.0,120,2015,142.3,71.0,7.9,4.87,0.682,1,921600.0,1,2600.0,4,0,0.48,16384.0,1,1,0,0,1,0,0,1,0,0,0,0,0,0,0,1,1,0,0
Galaxy On7,5.5,180,2015,151.8,77.5,8.2,6.07,0.7090000000000001,1,921600.0,1,3000.0,4,0,0.38,8192.0,1,1,0,0,1,0,0,0,0,0,0,0,0,0,0,1,1,0,0
Galaxy On5,5.0,140,2015,142.3,72.1,8.5,5.26,0.7,1,921600.0,1,2600.0,4,0,0.4,8192.0,1,1,0,0,1,0,0,1,0,0,0,0,0,0,0,1,1,0,0
Z3,5.0,110,2015,141.6,70.0,7.9,4.83,0.695,1,921600.0,1,2600.0,4,0,0.53,8192.0,1,1,0,0,1,0,0,1,0,0,0,0,0,0,0,1,0,0,0
Galaxy J1 Ace,4.3,140,2015,130.1,67.6,9.5,4.62,0.598,1,384000.0,1,1900.0,4,0,0.69,4096.0,1,1,0,0,1,0,0,1,0,0,0,0,0,0,0,1,1,0,0
Galaxy Note5 (USA),5.7,450,2015,153.2,76.1,7.6,6.03,0.768,1,3686400.0,0,3000.0,4,1,0.51,65536.0,1,0,0,1,0,0,0,1,0,0,0,0,1,0,0,0,1,0,0
Galaxy Note5,5.7,450,2015,153.2,76.1,7.6,6.03,0.759,1,3686400.0,0,3000.0,4,1,0.45,131072.0,1,0,0,1,0,0,0,1,0,0,0,0,1,0,0,0,1,0,0
Galaxy Note5 Duos,5.7,450,2015,153.2,76.1,7.6,6.03,0.768,1,3686400.0,0,3000.0,4,1,0.45,65536.0,1,0,0,1,0,0,0,1,0,0,0,0,1,0,0,0,1,0,0
Galaxy S6 edge+ (USA),5.7,500,2015,154.4,75.8,6.9,5.4,0.765,1,3686400.0,0,3000.0,4,1,0.5218382352941175,65536.0,1,0,0,1,0,0,0,1,0,0,0,0,1,0,0,0,1,0,0
Galaxy S6 edge+,5.7,450,2015,154.4,75.8,6.9,5.4,0.7559999999999999,1,3686400.0,0,3000.0,4,1,0.22,65536.0,1,0,0,1,0,0,0,1,0,0,0,0,1,0,0,0,1,0,0
Galaxy S6 edge+ Duos,5.7,450,2015,154.4,75.8,6.9,5.4,0.765,1,3686400.0,0,3000.0,4,1,0.29,65536.0,1,0,0,1,0,0,0,1,0,0,0,0,1,0,0,0,1,0,0
Galaxy S5 Neo,5.1,300,2015,142.0,72.5,8.1,5.11,0.696,1,2073600.0,1,2800.0,4,0,0.46,16384.0,1,1,0,1,0,0,0,1,0,0,0,0,1,0,0,0,1,0,0
Galaxy S4 mini I9195I,4.3,190,2015,124.6,61.3,8.9,3.77,0.667,1,518400.0,1,1900.0,4,0,0.68,8192.0,1,1,0,0,1,0,0,0,0,0,0,0,0,0,0,1,1,0,0
Galaxy Folder,3.8,250,2015,122.0,60.2,15.3,5.47,0.56,1,384000.0,1,1800.0,4,0,0.5218382352941175,8192.0,1,1,0,0,1,0,0,0,1,0,0,0,0,0,0,1,1,0,0
Galaxy A8 Duos,5.7,280,2015,158.0,76.8,5.9,5.33,0.738,1,2073600.0,1,3050.0,4,0,0.32,32768.0,1,0,0,1,0,0,0,0,0,0,0,0,1,0,0,0,1,0,0
Galaxy A8,5.7,250,2015,158.0,76.8,5.9,5.33,0.738,1,2073600.0,1,3050.0,4,0,0.32,32768.0,1,0,0,1,0,0,0,0,0,0,0,0,1,0,0,0,1,0,0
Galaxy V Plus,4.0,70,2015,121.4,62.9,10.7,4.34,0.596,1,384000.0,1,1500.0,4,0,0.5218382352941175,4096.0,1,1,0,0,0,0,0,0,1,0,0,0,0,0,0,1,0,0,0
Galaxy J7,5.5,200,2015,152.2,78.7,7.5,6.03,0.696,1,921600.0,1,3000.0,4,0,0.5,16384.0,1,1,0,1,0,0,0,0,0,0,0,0,0,0,0,1,1,0,0
Galaxy J7 Nxt,5.5,180,2017,152.4,78.6,7.6,6.0,0.696,1,921600.0,1,3000.0,4,0,0.52,16384.0,1,1,0,1,0,0,0,1,0,0,0,0,0,0,0,1,1,0,0
Galaxy J5,5.0,160,2015,142.1,71.8,7.9,5.15,0.675,1,921600.0,1,2600.0,4,0,0.61,16384.0,1,1,0,0,1,0,0,0,0,0,0,0,0,0,0,1,1,0,0
Xcover 550,2.4,110,2015,129.0,56.2,14.0,4.37,0.246,0,76800.0,1,1300.0,3,0,0.78,256.0,1,1,0,0,0,0,0,0,1,0,0,0,0,0,0,0,0,0,0
Galaxy S6 active,5.1,350,2015,146.8,73.4,8.6,6.0,0.665,1,3686400.0,0,3500.0,4,1,0.48,65536.0,1,0,0,1,0,0,0,1,0,0,0,0,1,0,0,0,1,0,0
Galaxy Xcover 3,4.5,220,2015,132.9,70.1,10.0,5.43,0.619,1,384000.0,1,2200.0,4,0,0.71,8192.0,1,1,0,0,1,0,0,0,0,0,0,1,0,0,0,1,1,0,0
Galaxy S6 edge (USA),5.1,450,2015,142.0,70.1,7.1,4.66,0.72,1,3686400.0,0,2600.0,4,1,0.3,131072.0,1,0,0,1,0,0,0,1,0,0,0,0,1,0,0,0,1,0,0
Galaxy S6 (USA),5.1,410,2015,143.5,70.6,6.9,4.94,0.708,1,3686400.0,0,2550.0,4,1,0.22,131072.0,1,0,0,1,0,0,0,1,0,0,0,0,1,0,0,0,1,0,0
Galaxy S6 edge,5.1,380,2015,142.1,70.1,7.0,4.66,0.7170000000000001,1,3686400.0,0,2600.0,4,1,0.33,131072.0,1,0,0,1,0,0,0,1,0,0,0,0,1,0,0,0,1,0,0
Galaxy S6 Duos,5.1,400,2015,143.4,70.5,6.8,4.87,0.7090000000000001,1,3686400.0,0,2550.0,4,1,0.5218382352941175,131072.0,1,0,0,1,0,0,0,1,0,0,0,0,1,0,0,0,1,0,0
Galaxy S6,5.1,280,2015,143.4,70.5,6.8,4.87,0.7070000000000001,1,3686400.0,0,2550.0,4,1,0.38,131072.0,1,0,0,1,0,0,0,1,0,0,0,0,1,0,0,0,1,0,0
Galaxy J1 4G,4.3,120,2015,129.0,68.2,8.9,4.3,0.598,1,384000.0,1,1850.0,4,0,0.5218382352941175,4096.0,1,1,0,0,1,0,0,0,1,0,0,0,0,0,0,1,1,0,0
Galaxy J1,4.3,110,2015,129.0,68.2,8.9,4.3,0.598,1,384000.0,1,1850.0,4,0,0.57,4096.0,1,1,0,0,0,0,0,1,0,0,0,0,0,0,0,1,0,0,0
Galaxy J2,4.7,150,2015,136.5,69.0,8.4,4.55,0.647,1,518400.0,1,2000.0,4,0,0.57,8192.0,1,1,0,0,1,0,0,1,0,0,0,0,0,0,0,1,1,0,0
Z1,4.0,80,2015,120.4,63.2,9.7,3.95,0.598,1,384000.0,1,1500.0,4,0,0.71,4096.0,1,1,0,0,0,0,0,1,0,0,0,0,0,0,0,1,0,0,0
Galaxy A7 Duos,5.5,300,2015,151.0,76.2,6.3,4.97,0.725,1,2073600.0,1,2600.0,4,0,0.29,16384.0,1,0,0,1,0,0,0,0,0,0,0,0,0,0,0,1,1,0,0
Galaxy A7,5.5,300,2015,151.0,76.2,6.3,4.97,0.725,1,2073600.0,1,2600.0,4,0,0.41,16384.0,1,0,0,1,0,0,0,0,0,0,0,0,0,0,0,1,1,0,0
Galaxy Grand Max,5.25,260,2015,146.0,74.8,7.9,5.68,0.6859999999999999,1,921600.0,1,2500.0,4,0,0.37,16384.0,1,1,0,0,1,0,0,0,0,0,0,0,0,0,0,1,1,0,0
Galaxy E7,5.5,230,2015,151.3,77.2,7.3,4.97,0.7140000000000001,1,921600.0,1,2950.0,4,0,0.33,16384.0,1,0,0,0,1,0,0,0,0,0,0,0,0,0,0,1,1,0,0
Galaxy E5,5.0,200,2015,141.6,70.2,7.3,4.94,0.693,1,921600.0,1,2400.0,4,0,0.39,16384.0,1,0,0,0,1,0,0,0,0,0,0,0,0,0,0,1,0,0,0
Galaxy Core Prime,4.5,150,2014,130.8,67.9,8.8,4.59,0.649,1,384000.0,1,2000.0,4,0,0.6,8192.0,1,1,0,0,1,0,0,0,0,0,0,0,0,0,0,1,1,0,0
Galaxy A5 Duos,5.0,290,2014,139.3,69.7,6.7,4.34,0.71,1,921600.0,1,2300.0,4,0,0.23,16384.0,1,0,0,0,1,0,0,0,0,0,0,0,0,0,0,1,1,0,0
Galaxy A5,5.0,260,2014,139.3,69.7,6.7,4.34,0.71,1,921600.0,1,2300.0,4,0,0.23,16384.0,1,0,0,0,1,0,0,0,0,0,0,0,0,0,0,1,1,0,0
Galaxy A3 Duos,4.5,230,2014,130.1,65.5,6.9,3.88,0.655,1,518400.0,1,1900.0,4,0,0.24,16384.0,1,0,0,0,1,0,0,0,0,0,0,0,0,0,0,1,1,0,0
Galaxy A3,4.5,190,2014,130.1,65.5,6.9,3.88,0.655,1,518400.0,1,1900.0,4,0,0.24,16384.0,1,0,0,0,1,0,0,0,0,0,0,0,0,0,0,1,1,0,0
Galaxy S5 Plus,5.1,380,2014,142.0,72.5,8.1,5.11,0.696,1,2073600.0,1,2800.0,4,0,0.61,32768.0,1,1,0,0,1,0,0,0,0,0,0,0,1,0,0,0,1,0,0
Galaxy Pocket 2,3.3,100,2014,109.9,60.8,11.7,3.77,0.505,1,76800.0,1,1200.0,4,0,0.59,4096.0,1,1,0,0,0,1,0,1,0,0,0,0,0,0,0,1,0,0,0
Galaxy V,4.0,80,2014,121.4,62.9,10.7,4.34,0.596,1,384000.0,1,1500.0,4,0,0.68,4096.0,1,1,0,0,0,1,0,0,1,0,0,0,0,0,0,1,0,0,0
Galaxy Grand Prime Duos TV,5.0,150,2014,144.7,72.4,8.6,5.36,0.6579999999999999,1,518400.0,1,2600.0,4,0,0.53,8192.0,1,1,0,0,1,0,0,0,0,0,0,0,0,0,0,1,0,0,0
Galaxy Grand Prime,5.0,140,2014,144.8,72.1,8.6,5.5,0.66,1,518400.0,1,2600.0,4,0,0.28,8192.0,1,1,0,0,1,0,0,0,0,0,0,0,0,0,0,1,1,0,0
Galaxy Ace Style LTE G357,4.3,200,2014,128.9,65.8,9.1,4.44,0.62,1,384000.0,1,1900.0,4,0,0.64,8192.0,1,1,0,0,1,0,0,0,0,0,0,0,0,0,0,1,1,0,0
Galaxy Note Edge,5.6,300,2014,151.3,82.4,8.3,6.14,0.772,1,4096000.0,1,3000.0,4,1,0.24,65536.0,1,1,0,0,1,0,0,0,0,0,0,0,1,0,0,0,1,0,0
Galaxy Note 4 Duos,5.7,300,2014,153.5,78.6,8.5,6.17,0.742,1,3686400.0,1,3000.0,4,1,0.2,16384.0,1,1,0,0,1,0,0,0,0,0,0,0,1,0,0,0,1,0,0
Galaxy Note 4 (USA),5.7,250,2014,153.5,78.6,8.5,6.21,0.7340000000000001,1,3686400.0,1,3220.0,4,1,0.5218382352941175,32768.0,1,1,0,0,1,0,0,0,0,0,0,0,1,0,0,0,1,0,0
Galaxy Note 4,5.7,350,2014,153.5,78.6,8.5,6.21,0.7340000000000001,1,3686400.0,1,3220.0,4,1,0.37,32768.0,1,1,0,0,1,0,0,0,0,0,0,0,1,0,0,0,1,0,0
Galaxy Mega 2,6.0,340,2014,163.6,84.9,8.6,6.84,0.715,1,921600.0,1,2800.0,4,0,0.21,16384.0,1,1,0,0,1,0,0,1,0,0,0,0,0,0,0,1,1,0,0
Galaxy S5 LTE-A G901F,5.1,390,2014,142.0,72.5,8.1,5.11,0.696,1,2073600.0,1,2800.0,4,0,0.61,32768.0,1,1,0,0,1,0,0,0,0,0,0,0,1,0,0,0,1,0,0
Galaxy Alpha (S801),4.7,450,2014,132.4,65.5,6.7,4.06,0.7020000000000001,1,921600.0,0,1860.0,4,0,0.4,32768.0,1,1,0,0,1,0,0,0,0,0,0,0,1,0,0,0,1,0,0
Galaxy Alpha,4.7,390,2014,132.4,65.5,6.7,4.06,0.7020000000000001,1,921600.0,0,1860.0,4,0,0.37,32768.0,1,1,0,1,0,0,0,1,0,0,0,0,1,0,0,0,1,0,0
Galaxy S5 mini Duos,4.5,250,2014,131.1,64.8,9.1,4.16,0.657,1,921600.0,1,2100.0,4,0,0.69,16384.0,1,1,0,0,1,0,0,0,1,0,0,0,0,0,0,1,0,0,0
Galaxy Avant,4.5,160,2014,132.9,66.0,9.9,4.8,0.636,1,518400.0,1,2100.0,4,0,0.45,16384.0,1,1,0,0,1,0,0,0,0,0,0,0,0,0,0,1,1,0,0
Galaxy S Duos 3,4.0,100,2014,121.4,62.9,10.8,4.37,0.596,1,384000.0,1,1500.0,4,0,0.53,4096.0,1,1,0,0,0,0,0,0,1,0,0,0,0,0,0,1,0,0,0
Galaxy Ace NXT,4.0,90,2014,121.4,62.9,10.7,4.34,0.596,1,384000.0,1,1500.0,4,0,0.68,4096.0,1,1,0,0,0,1,0,0,1,0,0,0,0,0,0,1,0,0,0
Galaxy S5 mini,4.5,220,2014,131.1,64.8,9.1,4.23,0.657,1,921600.0,1,2100.0,4,0,0.97,16384.0,1,1,0,0,1,0,0,1,0,0,0,0,0,0,0,1,1,0,0
Galaxy Ace 4 LTE G313,4.0,250,2014,121.4,62.9,11.0,4.59,0.596,1,384000.0,1,1800.0,4,0,0.87,4096.0,1,1,0,0,0,0,0,0,1,0,0,0,0,0,0,1,1,0,0
Galaxy Ace 4,4.0,220,2014,121.4,62.9,10.8,4.37,0.596,1,384000.0,1,1500.0,4,0,0.5218382352941175,4096.0,1,1,0,0,0,0,0,0,1,0,0,0,0,0,0,1,0,0,0
Galaxy Young 2,3.5,100,2014,109.8,59.9,11.8,3.81,0.555,1,153600.0,1,1300.0,4,0,0.92,4096.0,1,1,0,0,0,1,0,0,1,0,0,0,0,0,0,1,0,0,0
Galaxy Core II,4.5,130,2014,130.3,68.0,9.8,4.87,0.6509999999999999,1,384000.0,1,2000.0,4,0,0.42,4096.0,1,1,0,0,1,0,0,0,1,0,0,0,0,0,0,1,0,0,0
Galaxy S5 Sport,5.1,300,2014,144.0,74.0,8.9,5.57,0.6729999999999999,1,2073600.0,1,2800.0,4,0,0.51,16384.0,1,1,0,0,1,0,0,0,0,0,0,0,1,0,0,0,1,0,0
Galaxy S5 LTE-A G906S,5.1,300,2014,142.0,72.5,8.1,5.11,0.6940000000000001,1,3686400.0,1,2800.0,4,0,0.69,32768.0,1,1,0,0,1,0,0,0,0,0,0,0,1,0,0,0,1,0,0
Galaxy Core Lite LTE,4.7,210,2014,133.1,70.0,9.9,5.26,0.675,1,384000.0,1,2000.0,4,0,0.25,8192.0,1,1,0,0,1,0,0,0,1,0,0,0,0,0,0,1,1,0,0
I9301I Galaxy S3 Neo,4.8,270,2014,136.6,70.7,8.6,4.66,0.6579999999999999,1,921600.0,1,2100.0,4,0,0.38,16384.0,1,1,0,0,1,0,0,0,0,0,0,0,0,0,0,1,0,0,0
Galaxy W,7.0,360,2014,191.8,99.6,8.8,8.64,0.7070000000000001,1,921600.0,1,3200.0,4,0,0.34,16384.0,1,1,0,0,1,0,0,0,1,0,0,0,0,0,0,1,1,0,0
Galaxy S5 Active,5.1,400,2014,145.3,73.4,8.9,6.0,0.672,1,2073600.0,1,2800.0,4,0,0.67,16384.0,1,1,0,0,1,0,0,0,0,0,0,0,1,0,0,0,1,0,0
Galaxy K zoom,4.8,440,2014,137.5,70.8,16.6,7.05,0.652,1,921600.0,1,2430.0,4,0,0.4,8192.0,1,1,1,0,0,0,0,1,0,0,0,0,0,0,0,1,1,0,0
Galaxy Beam2,4.66,250,2014,134.5,70.0,11.6,5.82,0.6559999999999999,1,384000.0,1,2600.0,4,0,0.5218382352941175,0.0,1,1,0,0,1,0,0,0,1,0,0,0,0,0,0,1,0,0,0
I9300I Galaxy S3 Neo,4.8,300,2014,136.6,70.8,8.6,4.66,0.657,1,921600.0,1,2100.0,4,0,0.38,16384.0,1,1,0,0,1,0,0,0,0,0,0,0,0,0,0,1,0,0,0
Galaxy Ace Style,4.0,120,2014,121.2,62.7,10.7,4.34,0.599,1,384000.0,1,1500.0,4,0,0.53,4096.0,1,1,0,0,0,0,0,0,1,0,0,0,0,0,0,1,0,0,0
ATIV SE,5.0,440,2014,137.7,69.9,8.4,4.8,0.716,1,2073600.0,1,2600.0,3,0,0.5218382352941175,16384.0,1,1,0,0,1,0,0,0,0,0,0,0,1,0,0,0,1,0,0
G3812B Galaxy S3 Slim,4.52,200,2014,133.0,66.0,9.7,4.9,0.642,1,518400.0,1,2100.0,4,0,0.55,8192.0,1,1,0,0,1,0,0,0,1,0,0,0,0,0,0,1,0,0,0
I8200 Galaxy S III mini VE,4.0,180,2014,121.6,63.0,9.9,3.95,0.594,1,384000.0,1,1500.0,4,0,0.64,16384.0,1,1,0,0,0,0,0,0,1,0,0,0,0,0,0,1,0,0,0
Galaxy S5 Duos,5.1,420,2014,142.0,72.5,8.1,5.11,0.696,1,2073600.0,1,2800.0,4,0,0.73,16384.0,1,1,0,0,1,0,0,0,0,0,0,0,1,0,0,0,1,0,0
Galaxy S5 (octa-core),5.1,380,2014,142.0,72.5,8.1,5.11,0.696,1,2073600.0,1,2800.0,4,0,0.48,32768.0,1,1,0,1,0,0,0,1,0,0,0,0,1,0,0,0,0,0,0
Galaxy S5 (USA),5.1,480,2014,142.0,72.4,7.9,5.11,0.6970000000000001,1,2073600.0,1,2800.0,4,0,0.5,16384.0,1,1,0,0,1,0,0,0,0,0,0,0,1,0,0,0,1,0,0
Galaxy S5,5.1,250,2014,142.0,72.5,8.1,5.11,0.696,1,2073600.0,1,2800.0,4,0,0.56,32768.0,1,1,0,0,1,0,0,0,0,0,0,0,1,0,0,0,1,0,0
Galaxy Core LTE G386W,4.5,180,2014,132.9,66.3,10.0,4.83,0.634,1,518400.0,1,2100.0,4,0,0.45,16384.0,1,1,0,0,1,0,0,0,1,0,0,0,0,0,0,1,1,0,0
Galaxy Core LTE,4.5,260,2014,132.9,66.3,9.8,4.83,0.634,1,518400.0,1,2100.0,4,0,0.4,8192.0,1,1,0,0,0,0,0,0,1,0,0,0,0,0,0,1,1,0,0
S5611,2.4,70,2014,118.9,49.7,12.9,3.21,0.302,0,76800.0,1,1000.0,3,0,0.79,256.0,1,1,0,0,0,1,0,0,1,0,0,0,0,0,0,0,0,0,0
Galaxy Star Trios S5283,3.14,120,2014,106.0,61.0,11.0,3.7,0.472,1,76800.0,1,1300.0,4,0,0.96,4096.0,1,1,0,0,0,1,0,0,0,0,0,0,0,0,0,1,0,0,0
Galaxy Note 3 Neo Duos,5.5,410,2014,148.4,77.4,8.6,5.71,0.726,1,921600.0,1,3100.0,4,0,0.45,16384.0,1,1,0,0,1,0,0,0,0,0,0,0,1,0,0,0,0,0,0
Galaxy Note 3 Neo,5.5,320,2014,148.4,77.4,8.6,5.71,0.726,1,921600.0,1,3100.0,4,0,0.25,16384.0,1,1,1,0,0,0,0,1,0,0,0,0,1,0,0,0,1,0,0
Galaxy Grand Neo,5.01,130,2014,143.7,77.1,9.6,5.75,0.645,1,384000.0,1,2100.0,4,0,0.21,16384.0,1,1,0,0,1,0,1,0,0,0,0,0,0,0,0,1,0,0,0
Galaxy Core Advance,4.7,190,2013,133.3,70.5,9.7,5.11,0.669,1,384000.0,1,2000.0,4,0,0.5218382352941175,8192.0,1,1,0,0,0,0,0,0,1,0,0,0,0,0,0,1,0,0,0
Galaxy S4 Active LTE-A,5.0,410,2013,139.7,71.3,9.1,5.19,0.6920000000000001,1,2073600.0,1,2600.0,4,0,0.52,32768.0,1,1,0,0,1,0,0,0,0,0,0,0,1,0,0,0,1,0,0
Galaxy J,5.0,450,2013,137.0,70.0,8.6,5.15,0.7190000000000001,1,2073600.0,1,2600.0,4,0,0.39,16384.0,1,1,0,0,1,0,0,0,0,0,0,0,1,0,0,0,1,0,0
Galaxy Win Pro G3812,4.5,170,2013,132.7,66.5,9.7,4.9,0.633,1,518400.0,1,2100.0,4,0,0.49,8192.0,1,1,0,0,1,0,0,0,1,0,0,0,0,0,0,1,0,0,0
Galaxy S Duos 2 S7582,4.0,130,2013,121.5,63.1,10.6,4.16,0.594,1,384000.0,1,1500.0,4,0,0.59,4096.0,1,1,0,0,0,0,1,0,0,0,0,0,0,0,0,1,0,0,0
Galaxy Grand 2,5.25,180,2013,146.8,75.3,8.9,5.75,0.687,1,921600.0,1,2600.0,4,0,0.44,8192.0,1,1,0,0,1,0,0,0,0,0,0,0,0,0,0,1,1,0,0
I9230 Galaxy Golden,3.7,590,2013,118.0,59.5,15.8,6.31,0.555,1,384000.0,1,1820.0,4,0,0.5218382352941175,16384.0,1,1,0,0,0,0,0,0,0,0,0,0,0,0,0,1,0,0,0
Galaxy Express 2,4.5,210,2013,132.4,65.7,9.8,4.73,0.642,1,518400.0,1,2100.0,4,0,0.38,8192.0,1,1,0,0,0,0,0,0,0,0,0,0,0,0,0,1,1,0,0
C3590,2.4,70,2013,100.9,50.9,17.3,3.49,0.34700000000000003,0,76800.0,1,800.0,0,0,0.33,0.0,1,1,0,0,0,1,0,0,1,0,0,0,0,0,0,0,0,0,0
I9506 Galaxy S4,5.0,390,2013,136.6,69.8,7.9,4.59,0.723,1,2073600.0,1,2600.0,4,0,0.39,32768.0,1,1,0,0,1,0,0,0,0,0,0,0,1,0,0,0,1,0,0
Galaxy Light,4.0,180,2013,121.4,63.5,10.2,4.3,0.591,1,384000.0,1,1800.0,2,0,0.38,8192.0,1,1,0,0,1,0,0,0,1,0,0,0,0,0,0,1,1,0,0
Galaxy Round G910S,5.7,680,2013,151.1,79.6,7.9,5.43,0.745,1,2073600.0,1,2800.0,4,0,0.21,32768.0,1,1,0,0,1,0,0,0,0,0,0,0,1,0,0,0,1,0,0
Galaxy Fresh S7390,4.0,120,2013,121.5,63.1,10.9,4.44,0.594,1,384000.0,1,1500.0,4,0,0.28,4096.0,1,1,0,0,0,1,0,0,1,0,0,0,0,0,0,1,0,0,0
Galaxy Core Plus,4.3,150,2013,129.7,66.0,9.5,4.66,0.615,1,384000.0,1,1800.0,3,0,0.54,4096.0,1,1,0,0,0,0,0,0,1,0,0,0,0,0,0,1,0,0,0
Galaxy Fame Lite Duos S6792L,3.5,80,2013,113.2,61.6,11.9,4.2,0.523,1,153600.0,1,1300.0,4,0,0.5218382352941175,4096.0,1,1,0,0,0,1,0,0,1,0,0,0,0,0,0,1,0,0,0
Galaxy Fame Lite S6790,3.5,70,2013,113.2,61.6,11.9,4.16,0.523,1,153600.0,1,1300.0,4,0,0.5218382352941175,4096.0,1,1,0,0,0,1,0,0,1,0,0,0,0,0,0,1,0,0,0
Galaxy Note 3,5.7,420,2013,151.2,79.2,8.3,5.93,0.748,1,2073600.0,1,3200.0,4,0,0.29,65536.0,1,1,0,0,1,0,0,0,0,0,0,0,1,0,0,0,1,0,0
Galaxy Prevail 2,4.0,140,2013,122.0,63.5,12.7,4.59,0.588,1,384000.0,1,1750.0,4,0,0.5218382352941175,4096.0,1,1,0,0,0,1,0,0,0,0,0,0,0,0,1,0,0,0,0
Gravity Q T289,3.0,120,2013,112.5,59.7,14.2,4.16,0.415,1,76800.0,1,1000.0,0,0,0.5218382352941175,256.0,1,1,0,0,0,1,0,0,1,0,0,0,0,0,0,0,0,0,0
ATIV S Neo,4.77,310,2013,135.4,69.1,9.1,5.08,0.67,1,921600.0,1,2000.0,0,0,0.5218382352941175,16384.0,1,1,0,0,0,0,0,0,1,0,0,0,0,0,1,0,1,0,0
Galaxy S4 zoom,4.3,280,2013,125.5,63.5,15.4,7.34,0.64,1,518400.0,1,2330.0,4,0,0.14,8192.0,1,1,0,0,0,0,0,1,0,0,0,0,0,0,0,1,1,0,0
I9190 Galaxy S4 mini,4.3,230,2013,124.6,61.3,8.9,3.77,0.667,1,518400.0,1,1900.0,4,0,0.33,8192.0,1,1,0,0,0,0,0,0,0,0,0,0,0,0,0,1,1,0,0
I9295 Galaxy S4 Active,5.0,310,2013,139.7,71.3,9.1,5.4,0.6920000000000001,1,2073600.0,1,2600.0,4,0,0.26,16384.0,1,1,0,0,1,0,0,0,0,0,0,0,1,0,0,0,1,0,0
Galaxy Exhibit T599,3.8,90,2013,121.4,62.5,10.4,4.2,0.542,1,384000.0,1,1500.0,2,0,0.5218382352941175,4096.0,1,1,0,0,0,0,0,1,0,0,0,0,0,0,0,1,0,0,0
Galaxy Core I8260,4.3,160,2013,129.3,67.6,9.0,4.37,0.602,1,384000.0,1,1800.0,3,0,0.29,8192.0,1,1,0,0,0,0,0,0,0,0,0,0,0,0,0,1,0,0,0
Galaxy Mega 6.3 I9200,6.3,300,2013,167.6,88.0,8.0,7.02,0.742,1,921600.0,1,3200.0,4,0,0.2,16384.0,1,1,0,0,0,0,0,0,0,0,0,0,1,0,0,0,1,0,0
Galaxy Mega 5.8 I9150,5.8,280,2013,162.6,82.4,9.0,6.42,0.6920000000000001,1,518400.0,1,2600.0,4,0,0.22,8192.0,1,1,0,0,0,0,0,0,1,0,0,0,0,0,0,1,0,0,0
Galaxy Trend II Duos S7572,4.0,170,2013,121.5,63.1,11.1,4.52,0.594,1,384000.0,1,1500.0,3,0,0.29,0.0,1,1,0,0,0,0,0,0,1,0,0,0,0,0,0,1,0,0,0
Galaxy Win I8550,4.7,170,2013,133.3,70.7,9.7,5.04,0.667,1,384000.0,1,2000.0,3,0,0.12,8192.0,1,1,0,0,1,0,0,0,0,0,0,0,0,0,0,1,0,0,0
Galaxy Pocket Neo S5310,3.0,90,2013,105.0,57.8,11.8,3.53,0.459,1,76800.0,1,1200.0,4,0,0.85,4096.0,1,1,0,0,0,1,0,0,1,0,0,0,0,0,0,1,0,0,0
I9505 Galaxy S4,5.0,330,2013,136.6,69.8,7.9,4.59,0.723,1,2073600.0,1,2600.0,4,0,0.28,65536.0,1,1,0,0,1,0,0,0,0,0,0,0,1,0,0,0,1,0,0
I9500 Galaxy S4,5.0,320,2013,136.6,69.8,7.9,4.59,0.723,1,2073600.0,1,2600.0,4,0,0.42,65536.0,1,1,0,1,0,0,0,0,0,1,0,0,1,0,0,0,1,0,0
I9502 Galaxy S4,5.0,460,2013,136.6,69.8,7.9,4.66,0.723,1,2073600.0,1,2600.0,4,0,0.58,65536.0,1,1,0,1,0,0,0,0,0,1,0,0,1,0,0,0,0,0,0
Galaxy S4 CDMA,5.0,440,2013,136.7,69.6,7.9,4.59,0.7240000000000001,1,2073600.0,1,2600.0,4,0,0.18,16384.0,1,1,0,0,1,0,0,0,0,0,0,0,1,0,0,0,1,0,0
Galaxy Y Plus S5303,2.8,120,2013,104.9,57.9,13.0,3.39,0.4,1,76800.0,1,1200.0,4,0,0.94,4096.0,1,1,0,0,0,1,0,0,1,0,0,0,0,0,0,1,0,0,0
Galaxy Young S6310,3.27,90,2013,109.4,58.6,12.5,3.95,0.4970000000000001,1,153600.0,1,1300.0,3,0,0.88,4096.0,1,1,0,0,0,1,0,0,0,0,0,0,0,0,0,1,0,0,0
Galaxy Fame S6810,3.5,120,2013,113.2,61.6,11.6,4.23,0.523,1,153600.0,1,1300.0,4,0,0.83,4096.0,1,1,0,0,0,1,1,0,0,0,0,0,0,0,0,1,0,0,0
Galaxy Express I8730,4.5,180,2013,132.2,69.1,9.3,4.9,0.631,1,384000.0,1,2000.0,4,0,0.33,8192.0,1,1,0,0,0,0,0,0,0,0,0,0,0,0,0,1,1,0,0
S7710 Galaxy Xcover 2,4.0,190,2013,130.5,67.7,12.0,5.22,0.515,1,384000.0,1,1700.0,4,0,0.5,4096.0,1,1,0,0,0,0,0,1,0,0,0,0,0,0,0,1,0,0,0
I9105 Galaxy S II Plus,4.3,210,2013,125.3,66.1,8.5,4.27,0.635,1,384000.0,1,1650.0,3,0,0.33,8192.0,1,1,0,0,0,0,1,0,0,0,0,0,0,0,0,1,0,0,0
Ativ Odyssey I930,4.0,200,2013,122.4,63.8,10.9,4.41,0.583,1,384000.0,1,2100.0,3,0,0.5218382352941175,8192.0,1,1,0,0,0,0,0,0,0,0,0,0,0,0,0,1,1,0,0
Galaxy Grand I9082,5.0,180,2012,143.5,76.9,9.6,5.71,0.645,1,384000.0,1,2100.0,4,0,0.24,8192.0,1,1,0,0,0,0,1,0,0,0,0,0,0,0,0,1,0,0,0
Galaxy Grand I9080,5.0,210,2012,143.5,76.9,9.6,5.71,0.645,1,384000.0,1,2100.0,4,0,0.27,8192.0,1,1,0,0,0,0,1,0,0,0,0,0,0,0,0,1,0,0,0
A997 Rugby III,2.4,90,2012,104.1,53.3,20.3,4.69,0.321,0,76800.0,1,1300.0,2,0,0.52,256.0,1,1,0,0,0,1,0,0,1,0,0,0,0,0,0,0,0,0,0
Galaxy Axiom R830,4.0,150,2012,121.7,63.8,11.9,4.8,0.5870000000000001,1,384000.0,1,2100.0,4,0,0.5218382352941175,4096.0,1,1,0,0,0,0,0,0,1,0,0,0,0,0,0,1,1,0,0
Galaxy Stratosphere II I415,4.0,170,2012,126.2,65.5,13.5,5.43,0.551,1,384000.0,1,1800.0,4,0,0.5218382352941175,8192.0,1,1,0,0,0,0,0,0,0,0,0,0,0,0,0,1,1,0,0
Galaxy Discover S730M,3.5,80,2012,112.8,61.5,11.5,4.3,0.526,1,153600.0,1,1300.0,0,0,0.35,4096.0,1,1,0,0,0,1,0,0,0,0,0,0,0,0,1,0,0,0,0
Galaxy Pop SHV-E220,4.65,110,2013,134.2,68.1,9.1,4.73,0.652,1,921600.0,1,2100.0,4,0,0.5218382352941175,16384.0,1,1,0,0,1,0,0,1,0,0,0,0,0,0,0,1,1,0,0
Galaxy Premier I9260,4.65,260,2012,134.2,68.0,9.0,4.59,0.653,1,921600.0,1,2100.0,4,0,0.5218382352941175,16384.0,1,1,0,0,0,0,0,0,0,1,0,0,0,0,0,1,1,0,0
I8190 Galaxy S III mini,4.0,130,2012,121.6,63.0,9.9,3.92,0.594,1,384000.0,1,1500.0,4,0,0.52,16384.0,1,1,0,0,0,0,0,1,0,0,0,0,0,0,0,1,0,0,0
Galaxy Music S6010,3.0,100,2012,110.1,59.0,12.3,3.74,0.429,1,76800.0,1,1300.0,3,0,0.65,4096.0,1,1,0,0,0,1,0,0,1,0,0,0,0,0,0,1,0,0,0
Galaxy Music Duos S6012,3.0,100,2012,110.1,59.0,12.3,3.74,0.429,1,76800.0,1,1300.0,3,0,0.75,4096.0,1,1,0,0,0,1,0,0,1,0,0,0,0,0,0,1,0,0,0
Galaxy Rugby Pro I547,4.0,150,2012,128.0,67.0,12.7,5.61,0.531,1,384000.0,1,1850.0,4,0,0.5218382352941175,8192.0,1,1,0,0,0,0,0,0,0,0,0,0,0,0,0,1,1,0,0
Galaxy Express I437,4.5,160,2012,132.6,69.3,9.1,4.8,0.627,1,384000.0,1,2000.0,4,0,0.47,8192.0,1,1,0,0,0,0,0,0,0,0,0,0,0,0,0,1,1,0,0
I9305 Galaxy S III,4.8,320,2012,136.6,70.6,8.6,4.62,0.659,1,921600.0,1,2100.0,4,0,0.24,16384.0,1,1,0,0,1,0,0,1,0,0,0,0,0,0,0,1,1,0,0
Galaxy Victory 4G LTE L300,4.0,150,2012,121.9,63.5,12.7,4.9,0.588,1,384000.0,1,2100.0,4,0,0.5218382352941175,4096.0,1,1,0,0,0,0,0,0,0,0,0,0,0,0,0,1,1,0,0
Galaxy S Relay 4G T699,4.0,150,2012,126.0,66.0,13.5,5.19,0.5479999999999999,1,384000.0,1,1800.0,3,0,0.21,8192.0,1,1,0,0,0,0,0,0,0,0,0,0,0,0,0,1,0,0,0
Galaxy Pocket Duos S5302,2.8,90,2012,103.9,57.9,13.0,3.63,0.404,1,76800.0,1,1200.0,3,0,0.86,3072.0,1,1,0,0,0,1,0,0,1,0,0,0,0,0,0,1,0,0,0
Galaxy Note II N7100,5.5,300,2012,151.1,80.5,9.4,6.46,0.6859999999999999,1,921600.0,1,3100.0,4,0,0.17,65536.0,1,1,0,0,1,0,0,1,0,0,0,0,0,0,0,1,1,0,0
Galaxy Note II CDMA,5.5,350,2012,151.1,80.5,9.4,6.31,0.6859999999999999,1,921600.0,1,3100.0,4,0,0.5218382352941175,16384.0,1,1,0,0,1,0,0,1,0,0,0,0,0,0,0,1,1,0,0
Ativ S I8750,4.8,220,2012,137.2,70.5,8.7,4.76,0.657,1,921600.0,1,2300.0,3,0,0.27,32768.0,1,1,0,0,0,0,0,0,0,0,0,0,0,0,0,1,0,0,0
Galaxy Rush M830,3.5,100,2012,122.9,59.9,11.9,4.2,0.495,1,153600.0,1,1750.0,4,0,0.5218382352941175,2048.0,1,1,0,0,0,1,0,0,0,0,0,0,0,0,0,1,0,0,0
Galaxy Stellar 4G I200,4.0,150,2012,122.0,64.0,12.0,4.73,0.583,1,384000.0,1,2100.0,4,0,0.5218382352941175,4096.0,1,1,0,0,0,0,0,0,0,0,0,0,0,0,0,1,1,0,0
Galaxy Reverb M950,4.0,150,2011,122.0,64.0,11.3,4.55,0.583,1,384000.0,1,1700.0,4,0,0.5218382352941175,4096.0,1,1,0,0,0,1,0,0,0,0,0,0,0,0,0,1,0,0,0
Galaxy S Lightray 4G R940,4.3,100,2012,130.0,68.0,11.7,5.01,0.595,1,384000.0,1,1600.0,3,0,0.5218382352941175,1433.6,1,1,0,0,0,1,0,0,1,0,0,0,0,0,0,1,1,0,0
Galaxy S Duos S7562,4.0,110,2012,121.5,63.1,10.5,4.23,0.594,1,384000.0,1,1500.0,3,0,0.47,4096.0,1,1,0,0,0,1,0,0,0,0,0,0,0,0,0,1,0,0,0
Manhattan E3300,2.0,30,2012,113.9,46.4,13.3,2.65,0.238,0,20480.0,1,800.0,0,0,0.8,30.0,1,1,0,0,0,1,0,0,1,0,0,0,0,0,0,0,0,0,0
Galaxy Chat B5330,3.0,100,2012,118.9,59.3,11.7,3.95,0.395,1,76800.0,1,1200.0,3,0,0.46,4096.0,1,1,0,0,0,1,0,0,1,0,0,0,0,0,0,1,0,0,0
U485 Intensity III,2.4,80,2012,112.0,54.0,14.5,4.06,0.295,0,76800.0,1,1000.0,3,0,0.5218382352941175,256.0,1,1,0,0,0,1,0,0,1,0,0,0,0,0,0,0,0,0,1
Galaxy I8250,4.0,150,2012,122.5,63.0,10.5,4.41,0.59,1,384000.0,1,1650.0,3,0,0.26,4096.0,1,1,0,0,0,1,0,0,1,0,0,0,0,0,1,0,0,0,1
Galaxy Ace Advance S6800,3.5,110,2012,112.7,61.5,11.5,4.3,0.526,1,153600.0,1,1300.0,3,0,0.73,4096.0,1,1,0,0,0,1,0,0,1,0,0,0,0,0,0,1,0,0,0
Galaxy Ace Duos S6802,3.5,120,2012,112.7,61.5,11.5,4.3,0.526,1,153600.0,1,1300.0,3,0,0.65,3072.0,1,1,0,0,0,1,0,0,1,0,0,0,0,0,0,1,0,0,0
Galaxy Appeal I827,3.2,120,2012,112.0,57.7,14.2,4.02,0.472,1,153600.0,1,1300.0,0,0,0.22,4096.0,1,1,0,0,0,1,0,0,0,0,0,0,0,0,0,1,0,0,0
Galaxy Proclaim S720C,3.5,80,2012,114.3,59.7,11.4,4.02,0.535,1,153600.0,1,1500.0,0,0,0.5218382352941175,1024.0,1,1,0,0,0,1,0,0,1,0,0,0,0,0,1,0,0,0,0
Omnia M S7530,4.0,100,2012,121.6,64.1,10.5,4.2,0.584,1,384000.0,0,1500.0,2,0,0.4,8192.0,1,1,0,0,0,1,0,0,1,0,0,0,0,0,0,1,0,0,0
Focus 2 I667,4.0,110,2012,121.7,62.7,11.0,4.3,0.597,1,384000.0,0,1750.0,2,0,0.5218382352941175,8192.0,1,1,0,0,0,1,0,0,0,0,0,0,0,0,0,1,1,0,0
Galaxy S III T999,4.8,310,2012,136.6,70.6,8.6,4.69,0.659,1,921600.0,1,2100.0,4,0,0.2,32768.0,1,1,0,0,0,0,0,0,0,0,0,0,0,0,0,1,1,0,0
Galaxy S III I747,4.8,300,2012,136.6,70.6,8.6,4.73,0.659,1,921600.0,1,2100.0,4,0,0.2,16384.0,1,1,0,0,0,0,0,0,0,0,0,0,0,0,0,1,1,0,0
Galaxy S III CDMA,4.8,280,2012,137.2,71.1,7.6,4.69,0.6509999999999999,1,921600.0,1,2100.0,4,0,0.88,32768.0,1,1,0,0,0,0,0,0,0,0,0,0,0,0,0,1,1,0,0
I9300 Galaxy S III,4.8,190,2012,136.6,70.6,8.6,4.69,0.659,1,921600.0,1,2100.0,4,0,0.21,65536.0,1,1,0,0,1,0,0,1,0,0,0,0,0,0,0,1,0,0,0
U380 Brightside,3.1,100,2012,111.0,60.0,14.0,4.3,0.447,1,76800.0,1,1000.0,2,0,0.5218382352941175,256.0,1,1,0,0,0,1,0,0,1,0,0,0,0,0,0,0,0,0,0
Galaxy Pocket S5300,2.8,80,2012,103.7,57.5,12.0,3.42,0.407,1,76800.0,1,1200.0,3,0,0.79,3072.0,1,1,0,0,0,1,0,0,1,0,0,0,0,0,0,1,0,0,0
I8530 Galaxy Beam,4.0,240,2012,124.0,64.2,12.5,5.11,0.5720000000000001,1,384000.0,1,2000.0,3,0,0.28,8192.0,1,1,0,0,0,0,0,1,0,0,0,0,0,0,0,1,0,0,0
Rugby Smart I847,3.7,170,2012,122.4,65.9,12.2,4.2,0.483,1,384000.0,1,1650.0,0,0,0.89,4096.0,1,1,0,0,0,1,0,0,0,0,0,0,0,0,1,0,0,0,0
W999,3.5,220,2011,111.0,59.0,17.8,7.27,0.532,1,384000.0,1,1500.0,3,0,0.14,16384.0,1,1,0,0,0,0,0,0,0,0,0,0,0,0,0,1,0,0,0
Galaxy Ace II X S7560M,4.0,150,2012,121.5,63.1,10.5,4.3,0.594,1,384000.0,1,1500.0,3,0,0.54,4096.0,1,1,0,0,0,1,0,0,1,0,0,0,0,0,0,1,0,0,0
Galaxy Ace 2 I8160,3.8,130,2012,118.3,62.2,10.5,4.3,0.5589999999999999,1,384000.0,1,1500.0,3,0,0.5,4096.0,1,1,0,0,0,0,0,1,0,0,0,0,0,0,0,1,0,0,0
Galaxy mini 2 S6500,3.27,90,2012,109.4,58.6,11.6,3.7,0.4970000000000001,1,153600.0,1,1300.0,3,0,0.92,4096.0,1,1,0,0,0,1,0,0,0,0,0,0,0,0,0,1,0,0,0
Galaxy Ace Duos I589,3.5,130,2012,112.4,59.9,12.5,4.41,0.542,1,153600.0,1,1650.0,3,0,0.23,0.0,1,1,0,0,0,1,0,0,1,0,0,0,0,0,0,1,0,0,0
Galaxy Pop Plus S5570i,3.14,100,2012,110.4,60.6,12.1,3.74,0.456,1,76800.0,1,1200.0,2,0,0.83,160.0,1,1,0,0,0,1,0,0,0,0,0,0,0,0,0,1,0,0,0
I9070 Galaxy S Advance,4.0,150,2012,123.2,63.0,9.7,4.23,0.5870000000000001,1,384000.0,1,1500.0,3,0,0.54,16384.0,1,1,0,0,0,0,0,1,0,0,0,0,0,0,0,1,0,0,0
Galaxy Nexus I9250M,4.65,240,2012,135.5,67.9,8.9,4.76,0.648,1,921600.0,0,1750.0,3,0,0.35,16.0,1,1,0,0,0,0,0,0,0,1,0,0,0,0,0,1,0,0,0
Galaxy Attain 4G,3.5,100,2012,113.1,60.5,11.7,4.2,0.5329999999999999,1,153600.0,1,1650.0,0,0,1.35,512.0,1,1,0,0,0,1,0,0,1,0,0,0,0,0,0,1,1,0,0
Galaxy S Blaze 4G T769,3.97,140,2012,121.9,63.0,11.2,4.48,0.584,1,384000.0,1,1750.0,3,0,0.5218382352941175,3072.0,1,1,0,0,0,0,0,0,0,0,0,0,0,0,0,1,0,0,0
Galaxy Nexus LTE L700,4.65,270,2012,134.6,68.6,9.4,5.08,0.6459999999999999,1,921600.0,0,1850.0,3,0,0.5218382352941175,32768.0,1,1,0,0,0,0,0,0,1,0,0,0,0,0,0,1,1,0,0
Exhilarate i577,4.0,240,2012,122.0,63.0,12.0,4.59,0.593,1,384000.0,1,1750.0,3,0,0.5218382352941175,4096.0,1,1,0,0,0,0,0,0,1,0,0,0,0,0,0,1,1,0,0
Galaxy Note T879,5.3,350,2012,146.8,83.1,9.7,6.35,0.6679999999999999,1,1024000.0,1,2500.0,3,0,0.17,16384.0,1,1,0,0,0,0,0,0,0,0,0,0,0,0,0,1,0,0,0
Galaxy Note I717,5.3,350,2012,146.8,83.0,9.7,6.28,0.6679999999999999,1,1024000.0,1,2500.0,3,0,0.16,16384.0,1,1,0,0,0,0,0,0,0,0,0,0,0,0,0,1,1,0,0
Galaxy M Style M340S,4.0,160,2012,122.5,63.0,9.9,4.34,0.59,1,384000.0,1,1650.0,3,0,0.43,4096.0,1,1,0,0,0,1,0,0,1,0,0,0,0,0,0,1,0,0,0
Galaxy Ace Plus S7500,3.65,120,2012,114.5,62.5,11.2,4.06,0.5539999999999999,1,153600.0,1,1300.0,3,0,0.84,3072.0,1,1,0,0,0,1,0,0,0,0,0,0,0,0,0,1,0,0,0
Galaxy Y Duos S6102,3.14,80,2011,109.8,60.0,12.0,3.84,0.463,1,76800.0,1,1300.0,3,0,0.69,512.0,1,1,0,0,0,1,0,0,1,0,0,0,0,0,0,1,0,0,0
Galaxy Y Pro Duos B5512,2.6,120,2011,110.8,63.5,11.9,3.95,0.298,1,76800.0,1,1350.0,3,0,0.57,512.0,1,1,0,0,0,1,0,0,1,0,0,0,0,0,0,1,0,0,0
M370,2.4,80,2012,96.5,50.0,17.8,3.67,0.37,0,76800.0,0,1000.0,0,0,0.5218382352941175,256.0,1,1,0,0,0,1,0,0,1,0,0,0,0,0,0,0,0,0,1
R680 Repp,3.2,70,2011,110.0,57.0,12.2,3.7,0.486,1,153600.0,1,1500.0,3,0,0.5218382352941175,2048.0,1,1,0,0,0,1,0,0,1,0,0,0,0,0,0,1,0,0,0
I110 Illusion,3.5,70,2011,114.4,59.9,11.7,4.23,0.532,1,153600.0,1,1500.0,3,0,0.5218382352941175,2048.0,1,1,0,0,0,1,0,0,0,1,0,0,0,0,0,1,0,0,0
Focus S I937,4.3,130,2011,126.0,66.8,8.5,3.88,0.625,1,384000.0,0,1650.0,3,0,0.5218382352941175,32768.0,1,1,0,0,0,1,0,0,1,0,0,0,0,0,0,1,0,0,0
Focus Flash I677,3.7,80,2011,116.1,58.7,11.0,4.09,0.5720000000000001,1,384000.0,0,1500.0,2,0,0.5218382352941175,8192.0,1,1,0,0,0,1,0,0,1,0,0,0,0,0,0,1,0,0,0
Galaxy S II Skyrocket i727,4.5,180,2011,129.8,68.8,9.5,4.59,0.645,1,384000.0,1,1850.0,3,0,0.5218382352941175,16384.0,1,1,0,0,0,0,0,0,0,0,0,0,0,0,0,1,1,0,0
Exhibit II 4G T679,3.7,100,2011,115.0,60.0,11.0,4.09,0.565,1,384000.0,1,1500.0,3,0,0.5218382352941175,1024.0,1,1,0,0,0,1,0,0,0,0,0,0,0,0,0,1,0,0,0
Galaxy Nexus i515,4.65,150,2011,135.5,67.9,9.5,5.29,0.648,1,921600.0,0,1850.0,3,0,0.5218382352941175,32768.0,1,1,0,0,0,0,0,0,0,1,0,0,0,0,0,1,1,0,0
Galaxy Nexus I9250,4.65,180,2011,135.5,67.9,8.9,4.76,0.648,1,921600.0,0,1750.0,3,0,0.3,16384.0,1,1,0,0,0,0,0,0,0,1,0,0,0,0,0,1,1,0,0
I9100G Galaxy S II,4.3,220,2011,125.3,66.1,8.5,4.09,0.635,1,384000.0,1,1650.0,3,0,0.25,16384.0,1,1,0,0,0,0,0,0,0,1,0,0,0,0,0,1,0,0,0
I405 Stratosphere,4.0,120,2011,126.0,65.0,14.0,5.78,0.556,1,384000.0,1,1800.0,3,0,0.5218382352941175,4096.0,1,1,0,0,0,1,0,0,1,0,0,0,0,0,0,1,1,0,0
R730 Transfix,3.2,130,2011,114.0,57.0,15.0,4.44,0.469,1,153600.0,1,1500.0,2,0,0.5218382352941175,125.0,1,1,0,0,0,1,0,0,1,0,0,0,0,0,0,1,0,0,0
i927 Captivate Glide,4.0,110,2011,124.0,64.0,13.0,5.19,0.574,1,384000.0,1,1650.0,3,0,0.5218382352941175,8192.0,1,1,0,0,0,0,0,0,0,0,1,0,0,0,0,1,0,0,0
DoubleTime I857,3.2,70,2011,113.0,62.0,15.0,5.22,0.435,1,153600.0,1,1200.0,3,0,0.5218382352941175,260.0,1,1,0,0,0,1,0,0,0,0,0,0,0,0,0,0,0,0,0
M930 Transform Ultra,3.5,100,2011,116.0,61.0,14.0,4.9,0.515,1,153600.0,1,1500.0,3,0,0.5218382352941175,952.0,1,1,0,0,0,1,0,0,0,0,0,0,0,0,0,1,0,0,0
Omnia W I8350,3.7,150,2011,115.6,58.8,10.9,4.06,0.573,1,384000.0,0,1500.0,2,0,0.36,8192.0,1,1,0,0,0,1,0,0,0,0,0,0,0,0,0,1,0,0,0
Galaxy S II HD LTE,4.65,180,2011,129.8,68.8,9.5,4.59,0.667,1,921600.0,1,1850.0,3,0,0.2,16384.0,1,1,0,0,0,0,0,0,0,0,0,0,0,0,0,1,1,0,0
Ch@t 527,2.4,90,2011,103.0,55.0,12.0,3.39,0.315,0,76800.0,1,1000.0,2,0,0.5218382352941175,80.0,1,1,0,0,0,1,0,0,1,0,0,0,0,0,0,1,0,0,0
Galaxy Note N7000,5.3,270,2011,146.9,83.0,9.7,6.28,0.6679999999999999,1,1024000.0,1,2500.0,3,0,0.34,32768.0,1,1,0,0,0,0,0,1,0,0,0,0,0,0,0,1,1,0,0
Galaxy S II I777,4.3,170,2011,126.0,66.0,8.9,4.27,0.633,1,384000.0,1,1650.0,3,0,0.25,32768.0,1,1,0,0,0,0,0,1,0,0,0,0,0,0,0,1,0,0,0
Galaxy S II T989,4.52,160,2011,129.8,68.8,9.4,4.76,0.6509999999999999,1,384000.0,1,1850.0,3,0,0.13,32768.0,1,1,0,0,0,0,0,0,0,0,0,0,0,0,0,1,0,0,0
Galaxy S II Epic 4G Touch,4.52,130,2011,130.0,70.0,10.0,4.59,0.639,1,384000.0,1,1800.0,3,0,0.5218382352941175,16384.0,1,1,0,0,0,0,0,1,0,0,0,0,0,0,0,1,0,0,0
S8600 Wave 3,4.0,150,2011,125.9,64.2,9.9,4.3,0.563,1,384000.0,1,1500.0,3,0,0.83,4096.0,1,1,0,0,0,1,0,0,1,0,0,0,0,0,0,1,0,0,0
Wave M S7250,3.65,120,2011,113.8,63.3,12.2,4.27,0.551,1,153600.0,1,1350.0,3,0,0.66,150.0,1,1,0,0,0,1,0,0,1,0,0,0,0,0,0,1,0,0,0
Wave Y S5380,3.2,90,2011,110.0,58.2,12.3,3.6,0.476,1,153600.0,1,1200.0,3,0,0.8,150.0,1,1,0,0,0,1,0,0,1,0,0,0,0,0,0,1,0,0,0
Galaxy S II LTE i727R,4.5,160,2011,130.9,69.9,9.4,4.66,0.63,1,384000.0,1,1850.0,3,0,0.2,16384.0,1,1,0,0,0,0,0,0,0,0,0,0,0,0,0,1,1,0,0
Galaxy S II LTE I9210,4.5,200,2011,130.9,69.9,9.4,4.66,0.63,1,384000.0,1,1850.0,3,0,0.41,16384.0,1,1,0,0,0,0,0,0,0,0,0,0,0,0,0,1,1,0,0
Galaxy W I8150,3.7,160,2011,115.5,59.8,11.5,4.02,0.564,1,384000.0,1,1500.0,3,0,0.52,2048.0,1,1,0,0,0,1,0,0,0,0,0,0,0,0,0,1,0,0,0
Galaxy M Pro B7800,2.66,200,2011,113.5,66.0,10.0,3.81,0.281,1,153600.0,1,1350.0,3,0,0.5218382352941175,0.0,1,1,0,0,0,1,0,0,1,0,0,0,0,0,0,1,0,0,0
Galaxy Y Pro B5510,2.6,110,2011,110.8,63.5,11.5,3.81,0.298,1,76800.0,1,1200.0,3,0,0.5218382352941175,160.0,1,1,0,0,0,1,0,0,1,0,0,0,0,0,0,1,0,0,0
Galaxy Y S5360,3.0,70,2011,104.0,58.0,11.5,3.42,0.462,1,76800.0,1,1200.0,3,0,0.66,180.0,1,1,0,0,0,1,0,0,1,0,0,0,0,0,0,1,0,0,0
S5610,2.4,80,2011,118.9,49.7,12.9,3.21,0.302,0,76800.0,1,1000.0,3,0,0.84,108.0,1,1,0,0,0,1,0,0,1,0,0,0,0,0,0,0,0,0,0
S3770,2.8,100,2011,96.3,53.8,13.0,2.82,0.469,1,76800.0,1,1000.0,3,0,0.82,100.0,1,1,0,0,0,1,0,0,1,0,0,0,0,0,0,1,0,0,0
S5690 Galaxy Xcover,3.65,90,2011,121.5,65.9,12.0,3.53,0.495,1,153600.0,1,1500.0,3,0,0.58,150.0,1,1,0,0,0,1,0,0,1,0,0,0,0,0,0,1,0,0,0
Galaxy S II 4G I9100M,4.3,260,2011,125.3,66.1,8.5,4.09,0.635,1,384000.0,1,1700.0,3,0,0.34,16384.0,1,1,0,0,0,0,0,1,0,0,0,0,0,0,0,1,0,0,0
I9103 Galaxy R,4.2,200,2011,125.0,66.0,9.5,4.76,0.609,1,384000.0,1,1650.0,3,0,0.5218382352941175,8192.0,1,1,0,0,0,0,0,0,0,0,1,0,0,0,0,1,0,0,0
R720 Admire,3.5,90,2011,116.0,60.0,12.0,4.13,0.524,1,153600.0,1,1600.0,3,0,0.5218382352941175,0.0,1,1,0,0,0,1,0,0,1,0,0,0,0,0,1,0,0,0,0
Convoy 2,2.2,100,2011,99.0,51.0,22.0,4.09,0.297,0,76800.0,1,1300.0,2,0,0.5218382352941175,256.0,1,1,0,0,0,1,0,0,1,0,0,0,0,0,0,0,0,0,0
Conquer 4G,3.5,90,2011,116.1,60.5,11.7,4.09,0.519,1,153600.0,1,1500.0,2,0,0.5218382352941175,1024.0,1,1,0,0,0,1,0,0,1,0,0,0,0,0,0,1,0,0,0
R640 Character,2.8,130,2011,107.0,55.0,15.0,4.23,0.413,1,76800.0,1,1000.0,2,0,0.5218382352941175,0.0,1,1,0,0,0,1,0,0,1,0,0,0,0,0,0,0,0,0,1
Trender,2.8,70,2011,107.0,56.0,15.0,3.99,0.405,1,76800.0,1,1000.0,0,0,0.5218382352941175,0.0,1,1,0,0,0,1,0,0,1,0,0,0,0,0,0,0,0,0,0
Gravity SMART,3.2,170,2011,114.0,59.0,14.0,4.59,0.453,1,153600.0,1,1500.0,3,0,0.19,150.0,1,1,0,0,0,1,0,0,1,0,0,0,0,0,1,0,0,0,0
Exhibit 4G,3.5,200,2011,119.0,58.0,13.0,4.41,0.505,1,384000.0,1,1500.0,3,0,0.5218382352941175,1024.0,1,1,0,0,0,1,0,0,0,1,0,0,0,0,0,1,0,0,0
Dart T499,3.14,60,2011,104.0,61.0,13.0,3.81,0.481,1,76800.0,1,1200.0,3,0,0.89,0.0,1,1,0,0,0,1,0,0,1,0,0,0,0,0,0,1,0,0,0
R260 Chrono,2.0,80,2011,94.0,46.0,17.0,3.14,0.28600000000000003,0,76800.0,0,800.0,2,0,0.5218382352941175,0.0,1,1,0,0,0,1,0,0,1,0,0,0,0,0,0,0,0,0,0
I9001 Galaxy S Plus,4.0,230,2011,122.4,64.2,9.9,4.2,0.58,1,384000.0,1,1650.0,3,0,0.35,16384.0,1,1,0,0,0,1,0,0,0,0,0,0,0,0,0,1,0,0,0
M580 Replenish,2.8,80,2011,123.0,60.0,11.0,4.09,0.329,1,76800.0,1,1160.0,2,0,0.5218382352941175,512.0,1,1,0,0,0,1,0,0,1,0,0,0,0,0,1,0,0,0,1
Galaxy Prevail,3.2,90,2011,113.0,57.0,12.0,3.81,0.473,1,153600.0,1,1500.0,3,0,0.5218382352941175,117.0,1,1,0,0,0,1,0,0,1,0,0,0,0,0,0,0,0,0,1
M220L Galaxy Neo,3.5,80,2011,115.9,56.9,12.1,4.27,0.529,1,384000.0,1,1500.0,3,0,0.5218382352941175,4096.0,1,1,0,0,0,1,0,0,1,0,0,0,0,0,0,1,0,0,0
Google Nexus S I9020A,4.0,270,2011,123.9,63.0,10.9,4.55,0.583,1,384000.0,0,1500.0,2,0,0.37,16384.0,1,1,0,0,0,1,0,0,0,1,0,0,0,0,0,1,0,0,0
Google Nexus S I9023,4.0,180,2011,123.9,63.0,10.9,4.55,0.583,1,384000.0,0,1500.0,2,0,0.5,16384.0,1,1,0,0,0,1,0,0,0,1,0,0,0,0,0,1,0,0,0
Google Nexus S 4G,4.0,150,2011,123.9,63.0,10.9,4.62,0.583,1,384000.0,0,1500.0,2,0,0.5218382352941175,16384.0,1,1,0,0,0,1,0,0,0,1,0,0,0,0,0,1,0,0,0
Galaxy Pro B7510,2.8,120,2011,108.6,66.7,10.7,3.63,0.335,1,76800.0,1,1350.0,3,0,1.0,270.0,1,1,0,0,0,1,0,0,1,0,0,0,0,0,0,1,0,0,0
I9100 Galaxy S II,4.3,170,2011,125.3,66.1,8.5,4.09,0.635,1,384000.0,1,1650.0,3,0,0.34,32768.0,1,1,0,0,0,0,0,1,0,0,0,0,0,0,0,1,0,0,0
S5780 Wave 578,3.2,110,2011,107.9,54.9,12.5,3.49,0.4920000000000001,1,96000.0,1,1200.0,3,0,0.75,100.0,1,1,0,0,0,1,0,0,1,0,0,0,0,0,0,1,0,0,0
E3210,2.0,70,2011,112.8,46.4,12.9,2.79,0.241,0,20480.0,1,800.0,2,0,0.71,36.0,1,1,0,0,0,1,0,0,1,0,0,0,0,0,0,0,0,0,0
I9003 Galaxy SL,4.0,150,2011,123.7,64.2,10.6,4.62,0.573,1,384000.0,1,1650.0,2,0,0.31,16384.0,1,1,0,0,0,1,0,0,0,1,0,0,0,0,0,1,0,0,0
Galaxy Ace S5830,3.5,90,2011,112.4,59.9,11.5,3.99,0.542,1,153600.0,1,1350.0,2,0,0.84,158.0,1,1,0,0,0,1,0,0,0,0,0,0,0,0,0,1,0,0,0
Galaxy Fit S5670,3.3,120,2011,110.2,61.2,12.6,3.81,0.5,1,76800.0,1,1350.0,2,0,0.72,160.0,1,1,0,0,0,1,0,0,1,0,0,0,0,0,0,1,0,0,0
Galaxy Gio S5660,3.2,110,2011,110.5,57.5,12.2,3.6,0.48,1,153600.0,1,1350.0,2,0,0.79,158.0,1,1,0,0,0,1,0,0,0,0,0,0,0,0,0,1,0,0,0
Galaxy Mini S5570,3.14,90,2011,110.4,60.8,12.1,3.7,0.455,1,76800.0,1,1200.0,2,0,0.96,160.0,1,1,0,0,0,1,0,0,0,0,0,0,0,0,0,1,0,0,0
Galaxy Pop i559,3.14,90,2011,110.9,60.6,12.1,3.74,0.454,1,76800.0,1,1200.0,2,0,0.5218382352941175,164.0,1,1,0,0,0,1,0,0,1,0,0,0,0,0,0,1,0,0,0
Galaxy S 4G T959,4.0,120,2011,122.4,64.5,9.9,4.16,0.5770000000000001,1,384000.0,1,1650.0,3,0,0.43,1024.0,1,1,0,0,0,1,0,0,0,1,0,0,0,0,0,1,0,0,0
I997 Infuse 4G,4.5,130,2011,132.0,71.0,9.0,4.9,0.615,1,384000.0,1,1750.0,3,0,0.17,16384.0,1,1,0,0,0,1,0,0,1,0,0,0,0,0,0,1,0,0,0
R910 Galaxy Indulge,3.5,130,2011,132.0,61.0,15.0,5.36,0.453,1,153600.0,1,1500.0,3,0,0.5218382352941175,0.0,1,1,0,0,0,1,0,0,1,0,0,0,0,0,0,1,1,0,0
Droid Charge I510,4.3,130,2011,130.0,68.0,12.0,5.04,0.595,1,384000.0,1,1600.0,3,0,0.5218382352941175,2048.0,1,1,0,0,0,1,0,0,0,1,0,0,0,0,1,0,1,0,0
Google Nexus S,4.0,170,2010,123.9,63.0,10.9,4.55,0.583,1,384000.0,0,1500.0,2,0,0.47,16384.0,1,1,0,0,0,1,0,0,0,1,0,0,0,0,0,1,0,0,0
M190S Galaxy S Hoppin,4.0,140,2010,122.4,64.0,10.9,4.55,0.581,1,384000.0,1,1500.0,3,0,0.58,16384.0,1,1,0,0,0,1,0,0,1,0,0,0,0,0,0,1,0,0,0
I9010 Galaxy S Giorgio Armani,4.0,280,2010,122.5,64.2,9.9,4.34,0.579,1,384000.0,1,1650.0,3,0,0.51,16384.0,1,1,0,0,0,1,0,0,0,1,0,0,0,0,0,1,0,0,0
A817 Solstice II,3.35,90,2010,109.0,54.1,12.0,3.35,0.542,1,96000.0,1,1000.0,2,0,0.41,256.0,1,1,0,0,0,1,0,0,1,0,0,0,0,0,0,0,0,0,0
A667 Evergreen,1.92,70,2010,116.0,56.0,15.0,4.52,0.17600000000000002,0,76800.0,1,1000.0,2,0,0.23,256.0,1,1,0,0,0,1,0,0,1,0,0,0,0,0,0,0,0,0,0
R710 Suede,3.0,70,2011,112.9,55.5,12.7,3.32,0.409,1,96000.0,1,1080.0,2,0,1.02,135.0,1,1,0,0,0,1,0,0,1,0,0,0,0,0,1,0,0,0,0
U750 Zeal,2.6,100,2010,101.9,51.8,17.1,4.34,0.397,0,76800.0,1,880.0,2,0,0.5218382352941175,0.0,1,1,0,0,0,1,0,0,1,0,0,0,0,0,0,0,0,0,0
Focus,4.0,90,2010,124.7,64.3,9.9,4.2,0.568,1,384000.0,1,1500.0,2,0,0.5,8192.0,1,1,0,0,0,1,0,0,0,0,0,0,0,0,0,1,0,0,0
I8700 Omnia 7,4.0,150,2010,122.4,64.2,11.0,4.87,0.58,1,384000.0,0,1500.0,2,0,0.65,16384.0,1,1,0,0,0,1,0,0,0,0,0,0,0,0,0,1,0,0,0
S5750 Wave575,3.2,120,2010,109.5,55.0,11.9,3.53,0.484,1,96000.0,1,1200.0,3,0,0.7,100.0,1,1,0,0,0,1,0,0,1,0,0,0,0,0,0,1,0,0,0
S8530 Wave II,3.7,120,2010,123.9,59.8,11.8,4.76,0.526,1,384000.0,1,1500.0,3,0,0.39,2048.0,1,1,0,0,0,1,0,0,0,1,0,0,0,0,0,1,0,0,0
M210S Wave2,3.7,80,2010,123.9,59.8,11.8,4.83,0.526,1,384000.0,1,1500.0,3,0,0.55,1740.8,1,1,0,0,0,1,0,0,0,1,0,0,0,0,0,1,0,0,0
R580 Profile,2.4,90,2010,117.0,54.0,15.0,3.81,0.282,0,76800.0,1,1140.0,2,0,0.5218382352941175,100.0,1,1,0,0,0,1,0,0,1,0,0,0,0,0,0,0,0,0,0
R570 Messenger III,2.4,110,2010,116.6,53.5,14.9,3.7,0.28600000000000003,0,76800.0,1,1140.0,2,0,0.56,0.0,1,1,0,0,0,1,0,0,1,0,0,0,0,0,0,0,0,0,0
M130K Galaxy K,3.7,180,2010,119.5,59.6,12.4,4.62,0.547,1,384000.0,1,1500.0,3,0,0.82,8192.0,1,1,0,0,0,1,0,0,0,1,0,0,0,0,0,1,0,0,0
Mesmerize i500,4.0,100,2010,124.5,64.3,9.9,4.13,0.569,1,384000.0,1,1500.0,3,0,0.5218382352941175,2048.0,1,1,0,0,0,1,0,0,0,1,0,0,0,0,0,1,0,0,0
M920 Transform,3.5,120,2010,117.0,61.0,15.0,5.36,0.511,1,153600.0,1,1500.0,3,0,0.5218382352941175,512.0,1,1,0,0,0,1,0,0,1,0,0,0,0,0,1,0,0,0,0
Galaxy 551,3.2,90,2010,111.0,55.0,15.2,4.13,0.477,1,96000.0,1,1200.0,2,0,0.38,160.0,1,1,0,0,0,1,0,0,0,0,0,0,0,0,0,1,0,0,0
Xcover 271,2.0,110,2010,120.7,53.0,17.9,4.06,0.194,0,76800.0,1,1300.0,2,0,0.67,30.0,1,1,0,0,0,1,0,0,1,0,0,0,0,0,0,0,0,0,0
R900 Craft,3.3,100,2010,114.3,55.9,11.9,3.74,0.485,1,384000.0,1,1500.0,2,0,0.5218382352941175,165.0,1,1,0,0,0,1,0,0,1,0,0,0,0,0,1,0,1,0,0
S7230E Wave 723,3.2,130,2010,109.5,53.9,11.8,3.99,0.494,1,96000.0,1,1200.0,3,0,0.96,90.0,1,1,0,0,0,1,0,0,1,0,0,0,0,0,0,1,0,0,0
M130L Galaxy U,3.7,220,2010,119.5,59.6,12.4,4.62,0.547,1,384000.0,1,1500.0,3,0,0.36,8192.0,1,1,0,0,0,1,0,0,1,0,0,0,0,0,0,1,0,0,0
S5530,2.2,90,2010,105.0,49.5,11.5,3.49,0.28800000000000003,0,76800.0,1,800.0,2,0,0.61,40.0,1,1,0,0,0,1,0,0,1,0,0,0,0,0,0,0,0,0,0
U360 Gusto,2.0,80,2010,101.0,47.0,14.0,3.28,0.265,0,20480.0,0,1000.0,2,0,0.5218382352941175,64.0,1,1,0,0,0,1,0,0,1,0,0,0,0,0,0,0,0,0,1
Fascinate,4.0,120,2010,125.0,64.0,10.5,4.09,0.569,1,384000.0,1,1500.0,3,0,0.5218382352941175,2048.0,1,1,0,0,0,1,0,0,0,1,0,0,0,0,0,1,0,0,0
Vibrant,4.0,150,2010,122.4,64.5,9.9,4.13,0.5770000000000001,1,384000.0,1,1500.0,3,0,0.5218382352941175,16384.0,1,1,0,0,0,1,0,0,0,1,0,0,0,0,0,1,0,0,0
C5010 Squash,2.0,80,2010,115.0,46.0,12.8,2.86,0.238,0,20480.0,1,800.0,2,0,0.71,42.0,1,1,0,0,0,1,0,0,1,0,0,0,0,0,0,0,0,0,0
i897 Captivate,4.0,170,2010,122.4,64.2,9.9,4.16,0.58,1,384000.0,1,1500.0,3,0,0.37,16384.0,1,1,0,0,0,1,0,0,0,1,0,0,0,0,0,1,0,0,0
B7350 Omnia PRO 4,2.62,150,2010,117.7,59.8,11.9,4.3,0.315,1,102400.0,1,1500.0,2,0,0.64,200.0,1,1,0,0,0,1,0,0,1,0,0,0,0,0,1,0,0,0,0
B6520 Omnia PRO 5,2.4,170,2010,116.5,61.8,11.5,3.92,0.248,0,76800.0,1,1500.0,2,0,0.79,220.0,1,1,0,0,0,1,0,0,1,0,0,0,0,0,0,1,0,0,0
U320 Haven,2.2,90,2010,100.0,51.0,18.0,3.49,0.299,0,38720.0,0,1000.0,0,0,0.5218382352941175,24.0,0,1,0,0,0,1,0,0,1,0,0,0,0,0,0,0,0,0,1
U460 Intensity II,2.2,100,2010,124.0,73.0,17.9,4.09,0.166,0,76800.0,1,1000.0,2,0,0.5218382352941175,0.0,1,1,0,0,0,1,0,0,1,0,0,0,0,0,0,0,0,0,1
M350 Seek,2.6,130,2010,105.0,53.0,15.0,3.84,0.376,1,76800.0,1,1500.0,2,0,0.5218382352941175,256.0,1,1,0,0,0,1,0,0,1,0,0,0,0,0,0,0,0,0,0
Epic 4G,4.0,200,2010,124.0,65.0,14.0,5.47,0.565,1,384000.0,1,1500.0,2,0,0.5218382352941175,512.0,1,1,0,0,0,1,0,0,0,1,0,0,0,0,0,1,0,0,1
Acclaim,3.2,170,2010,114.0,59.0,15.0,4.59,0.453,1,153600.0,1,1500.0,2,0,0.5218382352941175,0.0,1,1,0,0,0,1,0,0,1,0,0,0,0,0,1,0,0,0,0
Intercept,3.2,150,2010,113.0,56.0,15.0,4.9,0.461,1,96000.0,1,1500.0,2,0,0.5218382352941175,0.0,1,1,0,0,0,1,0,0,1,0,0,0,0,0,1,0,0,0,0
R360 Messenger Touch,2.6,90,2010,105.0,54.0,15.0,3.81,0.369,1,76800.0,1,1000.0,2,0,0.5218382352941175,100.0,1,1,0,0,0,1,0,0,1,0,0,0,0,0,0,0,0,0,0
i225 Exec,2.4,120,2010,117.0,60.0,11.0,3.7,0.254,0,76800.0,1,1500.0,2,0,0.5218382352941175,123.0,1,1,0,0,0,1,0,0,1,0,0,0,0,0,0,0,0,0,0
M570 Restore,2.66,110,2010,117.0,53.0,15.0,4.3,0.353,0,76800.0,1,1160.0,2,0,0.5218382352941175,0.0,1,1,0,0,0,1,0,0,1,0,0,0,0,0,0,0,0,0,0
R351 Freeform,2.2,110,2009,112.0,61.0,13.0,3.63,0.223,0,38720.0,1,1000.0,2,0,0.5218382352941175,55.0,1,1,0,0,0,1,0,0,1,0,0,0,0,0,0,0,0,0,1
I5500 Galaxy 5,2.8,80,2010,108.0,56.0,12.3,3.6,0.401,1,76800.0,1,1200.0,2,0,0.65,170.0,1,1,0,0,0,1,0,0,1,0,0,0,0,0,0,1,0,0,0
I5801 Galaxy Apollo,3.2,140,2010,113.5,55.0,12.6,3.99,0.467,1,96000.0,1,1500.0,3,0,0.57,512.0,1,1,0,0,0,1,0,0,1,0,0,0,0,0,0,1,0,0,0
I5800 Galaxy 3,3.2,140,2010,113.5,55.0,12.9,3.84,0.467,1,96000.0,1,1500.0,3,0,0.57,512.0,1,1,0,0,0,1,0,0,1,0,0,0,0,0,0,1,0,0,0
B7722,3.2,150,2010,113.5,55.5,14.3,3.95,0.463,1,96000.0,1,1200.0,2,0,0.69,270.0,1,1,0,0,0,1,0,0,1,0,0,0,0,0,1,0,0,0,0
A847 Rugby II,2.2,100,2010,102.0,52.0,22.0,3.53,0.28300000000000003,0,76800.0,1,1300.0,2,0,0.51,70.0,1,1,0,0,0,1,0,0,1,0,0,0,0,0,0,0,0,0,0
W960 AMOLED 3D,3.2,220,2010,113.9,53.9,13.9,4.23,0.475,1,96000.0,1,1150.0,2,0,0.36,0.0,1,1,0,0,0,1,0,0,1,0,0,0,0,0,0,0,0,0,0
M110S Galaxy S,4.0,220,2010,122.4,64.2,9.9,4.27,0.58,1,384000.0,1,1500.0,3,0,0.63,16384.0,1,1,0,0,0,1,0,0,0,1,0,0,0,0,0,1,0,0,0
Galaxy A,3.7,100,2010,119.5,59.8,12.5,4.52,0.545,1,384000.0,1,1500.0,2,0,0.48,1024.0,1,1,0,0,0,1,0,0,0,1,0,0,0,0,0,1,0,0,0
I9000 Galaxy S,4.0,120,2010,122.4,64.2,9.9,4.2,0.58,1,384000.0,1,1500.0,3,0,0.24,16384.0,1,1,0,0,0,1,0,0,0,1,0,0,0,0,0,1,0,0,0
I6500U Galaxy,3.2,310,2010,117.0,59.0,13.3,4.44,0.442,1,153600.0,1,1500.0,2,0,0.36,180.0,1,1,0,0,0,1,0,0,1,0,0,0,0,0,1,0,0,0,0
S3370,2.6,90,2010,99.9,53.0,12.9,3.03,0.395,1,76800.0,1,1000.0,2,0,0.97,50.0,1,1,0,0,0,1,0,0,1,0,0,0,0,0,0,0,0,0,0
Corby TV F339,2.8,100,2010,103.0,56.5,12.2,3.25,0.417,1,76800.0,1,960.0,2,0,0.5218382352941175,79.0,1,1,0,0,0,1,0,0,1,0,0,0,0,0,0,0,0,0,0
W9705,2.4,70,2010,100.5,52.0,22.9,4.76,0.341,0,76800.0,1,1000.0,2,0,0.72,83.0,1,1,0,0,0,1,0,0,1,0,0,0,0,0,1,0,0,0,0
A687 Strive,2.6,100,2010,105.9,58.9,14.6,3.99,0.336,1,76800.0,1,1000.0,2,0,0.71,80.0,1,1,0,0,0,1,0,0,1,0,0,0,0,0,0,0,0,0,0
S8500 Wave,3.3,160,2010,118.0,56.0,10.9,4.16,0.469,1,384000.0,1,1500.0,3,0,0.99,390.0,1,1,0,0,0,1,0,0,0,1,0,0,0,0,0,1,0,0,0
I8520 Galaxy Beam,3.7,260,2010,123.0,59.8,14.9,5.5,0.53,1,384000.0,1,1800.0,3,0,0.62,16384.0,1,1,0,0,0,1,0,0,1,0,0,0,0,0,0,1,0,0,0
S5620 Monte,3.0,100,2010,108.8,53.7,12.4,3.25,0.438,1,96000.0,1,1000.0,2,0,1.02,200.0,1,1,0,0,0,1,0,0,1,0,0,0,0,0,1,0,0,0,0
S5550 Shark 2,2.2,130,2010,101.8,48.7,14.8,3.49,0.302,0,76800.0,1,960.0,2,0,0.6,110.0,1,1,0,0,0,1,0,0,1,0,0,0,0,0,0,0,0,0,0
S5350 Shark,2.2,80,2010,115.2,46.7,11.9,3.49,0.279,0,76800.0,1,900.0,2,0,0.85,100.0,1,1,0,0,0,1,0,0,1,0,0,0,0,0,0,0,0,0,0
M5650 Lindy,2.8,120,2009,106.0,57.0,12.0,3.46,0.402,1,76800.0,1,960.0,2,0,0.75,50.0,1,1,0,0,0,1,0,0,1,0,0,0,0,0,1,0,0,0,0
C3730C,2.2,80,2012,104.0,49.5,14.9,3.49,0.29100000000000004,0,76800.0,1,960.0,0,0,0.19,80.0,1,1,0,0,0,1,0,0,1,0,0,0,0,0,0,0,0,0,1
C5130,2.0,100,2009,97.5,47.0,16.5,3.53,0.275,0,38720.0,1,1000.0,2,0,0.69,30.0,1,1,0,0,0,1,0,0,1,0,0,0,0,0,0,0,0,0,0
A897 Mythic,3.3,120,2009,114.0,52.0,12.7,3.81,0.506,1,230400.0,1,1150.0,2,0,0.68,189.0,1,1,0,0,0,1,0,0,1,0,0,0,0,0,0,0,0,0,0
S5500 Eco,2.2,150,2009,94.8,46.0,14.8,3.35,0.344,0,76800.0,1,960.0,2,0,0.75,15.0,1,1,0,0,0,1,0,0,1,0,0,0,0,0,0,0,0,0,0
A797 Flight,2.8,110,2009,105.9,55.9,12.7,4.8,0.41,1,76800.0,1,1000.0,2,0,0.39,190.0,1,1,0,0,0,1,0,0,1,0,0,0,0,0,0,0,0,0,0
A886 Forever,3.0,120,2009,109.2,52.3,12.6,3.32,0.449,1,96000.0,1,1000.0,2,0,0.5218382352941175,72.0,1,1,0,0,0,1,0,0,1,0,0,0,0,0,0,0,0,0,0
S5630C,2.8,150,2009,113.6,54.5,12.8,3.6,0.392,1,76800.0,1,960.0,2,0,0.43,80.0,1,1,0,0,0,1,0,0,1,0,0,0,0,0,0,0,0,0,1
I5700 Galaxy Spica,3.2,160,2009,115.0,57.0,13.2,4.37,0.465,1,153600.0,1,1500.0,2,0,0.59,180.0,1,1,0,0,0,1,0,0,1,0,0,0,0,0,1,0,0,0,0
B7620 Giorgio Armani,3.5,280,2009,118.5,58.3,16.4,5.78,0.505,1,384000.0,1,1500.0,2,0,0.27,8192.0,1,1,0,0,0,1,0,0,1,0,0,0,0,0,1,0,0,0,0
T939 Behold 2,3.2,90,2009,116.8,55.9,12.2,4.2,0.467,1,153600.0,1,1500.0,2,0,0.59,200.0,1,1,0,0,0,1,0,0,1,0,0,0,0,0,1,0,0,0,0
W880 AMOLED 12M,3.3,200,2009,115.8,56.9,16.3,5.11,0.47,1,384000.0,1,1080.0,2,0,0.58,4096.0,1,1,0,0,0,1,0,0,1,0,0,0,0,0,0,0,0,0,0
Vodafone 360 H1,3.5,130,2009,115.9,58.0,12.9,4.73,0.519,1,384000.0,1,1500.0,2,0,0.41,16384.0,1,1,0,0,0,1,0,0,0,1,0,0,0,0,1,0,0,0,0
Vodafone 360 M1,3.2,130,2009,112.0,55.4,13.4,3.92,0.47,1,96000.0,1,1500.0,2,0,0.65,1024.0,1,1,0,0,0,1,0,0,0,1,0,0,0,0,0,0,0,0,0
B5310 CorbyPRO,2.8,100,2009,105.0,56.8,15.7,4.76,0.407,1,76800.0,1,960.0,2,0,0.63,150.0,1,1,0,0,0,1,0,0,1,0,0,0,0,0,1,0,0,0,0
F480i,2.8,100,2009,98.4,55.0,11.6,3.74,0.449,1,76800.0,1,1000.0,2,0,0.94,160.0,1,1,0,0,0,1,0,0,1,0,0,0,0,0,0,0,0,0,0
B7330 OmniaPRO,2.62,120,2009,114.9,59.0,10.8,3.92,0.327,0,102400.0,1,1500.0,2,0,0.81,270.0,1,1,0,0,0,1,0,0,1,0,0,0,0,0,1,0,0,0,0
S5510,2.1,110,2009,93.8,46.6,16.7,3.1,0.312,0,76800.0,1,800.0,2,0,0.83,0.0,1,1,0,0,0,1,0,0,1,0,0,0,0,0,0,0,0,0,0
S7550 Blue Earth,3.0,110,2009,108.0,53.6,14.2,4.2,0.443,1,96000.0,1,1080.0,2,0,0.68,130.0,1,1,0,0,0,1,0,0,1,0,0,0,0,0,1,0,0,0,0
U450 DoubleTake,2.1,50,2009,108.0,53.0,17.0,3.53,0.242,0,38720.0,1,960.0,2,0,0.5218382352941175,0.0,1,1,0,0,0,1,0,0,1,0,0,0,0,0,0,0,0,0,1
i220 Code,2.4,70,2010,117.0,58.0,14.0,3.7,0.263,0,76800.0,1,1440.0,2,0,0.5218382352941175,94.0,1,1,0,0,0,1,0,0,1,0,0,0,0,0,0,0,0,0,0
R860 Caliber,2.6,80,2010,116.0,57.0,12.0,3.74,0.29100000000000004,1,96000.0,1,1080.0,2,0,0.5218382352941175,124.0,1,1,0,0,0,1,0,0,1,0,0,0,0,0,0,0,0,0,0
R520 Trill,2.2,100,2009,101.0,50.0,14.0,3.42,0.302,0,38720.0,1,880.0,2,0,0.5218382352941175,1024.0,1,1,0,0,0,1,0,0,1,0,0,0,0,0,0,0,0,0,0
M900 Moment,3.2,120,2009,117.0,59.0,16.0,5.68,0.442,1,153600.0,1,1440.0,2,0,0.5218382352941175,0.0,1,1,0,0,0,1,0,0,1,0,0,0,0,0,1,0,0,0,0
i350 Intrepid,2.55,40,2009,124.0,62.0,13.0,3.21,0.262,1,76800.0,1,1480.0,2,0,0.5218382352941175,512.0,1,1,0,0,0,1,0,0,1,0,0,0,0,0,1,0,0,0,1
M850 Instinct HD,2.6,140,2009,118.0,58.0,13.0,4.02,0.294,1,153600.0,1,1440.0,2,0,0.5218382352941175,0.0,1,1,0,0,0,1,0,0,1,0,0,0,0,0,1,0,0,0,0
U960 Rogue,3.1,90,2009,109.0,55.0,17.0,4.94,0.456,1,384000.0,1,960.0,2,0,0.5218382352941175,256.0,1,1,0,0,0,1,0,0,1,0,0,0,0,0,0,0,0,0,0
A887 Solstice,3.0,60,2009,109.0,53.0,12.7,3.32,0.443,1,96000.0,1,1000.0,2,0,0.5218382352941175,189.0,1,1,0,0,0,1,0,0,1,0,0,0,0,0,0,0,0,0,0
T469 Gravity 2,2.4,70,2009,114.3,52.0,15.0,4.41,0.3,0,76800.0,1,1000.0,2,0,0.13,40.0,1,1,0,0,0,1,0,0,1,0,0,0,0,0,0,0,0,0,0
T559 Comeback,2.9,70,2009,109.2,55.9,17.8,4.59,0.4270000000000001,0,76800.0,1,960.0,2,0,0.91,0.0,1,1,0,0,0,1,0,0,1,0,0,0,0,0,0,0,0,0,0
T746 Impact,3.0,80,2009,108.0,54.0,13.7,3.7,0.439,1,96000.0,1,1200.0,2,0,0.5218382352941175,60.0,1,1,0,0,0,1,0,0,1,0,0,0,0,0,0,0,0,0,0
S5600v Blade,2.8,200,2009,102.8,54.8,12.9,3.25,0.431,1,76800.0,1,1000.0,2,0,0.8,50.0,1,1,0,0,0,1,0,0,1,0,0,0,0,0,0,0,0,0,0
S6700,2.4,120,2009,108.0,49.8,12.7,3.7,0.332,0,76800.0,1,880.0,2,0,0.5,120.0,1,1,0,0,0,1,0,0,1,0,0,0,0,0,0,0,0,0,0
C5510,2.2,90,2009,99.8,47.5,15.3,3.49,0.316,0,76800.0,1,960.0,2,0,0.72,20.0,1,1,0,0,0,1,0,0,1,0,0,0,0,0,0,0,0,0,0
W850,3.5,150,2009,115.2,58.3,13.1,4.23,0.519,1,384000.0,1,1200.0,2,0,0.5218382352941175,440.0,1,1,0,0,0,1,0,0,1,0,0,0,0,0,0,0,0,0,0
S8000 Jet,3.1,120,2009,108.8,53.5,11.9,3.88,0.47,1,384000.0,1,1100.0,2,0,0.52,8192.0,1,1,0,0,0,1,0,0,1,0,0,0,0,0,1,0,0,0,0
I8000 Omnia II,3.7,200,2009,118.0,59.6,12.3,4.34,0.5539999999999999,1,384000.0,1,1500.0,2,0,0.17,16384.0,1,1,0,0,0,1,0,0,1,0,0,0,0,0,1,0,0,0,0
B7610 OmniaPRO,3.5,150,2009,112.6,57.8,16.2,5.61,0.536,1,384000.0,1,1500.0,2,0,0.41,2048.0,1,1,0,0,0,1,0,0,1,0,0,0,0,0,1,0,0,0,0
B7320 OmniaPRO,2.4,110,2009,111.8,59.6,12.6,3.88,0.268,0,76800.0,1,1480.0,2,0,0.64,100.0,1,1,0,0,0,1,0,0,0,0,0,0,0,0,1,0,0,0,0
B7300 OmniaLITE,3.0,150,2009,107.0,51.8,12.9,3.63,0.462,1,96000.0,1,1500.0,2,0,0.79,250.0,1,1,0,0,0,1,0,0,1,0,0,0,0,0,1,0,0,0,0
M8910 Pixon12,3.1,240,2009,108.0,53.0,13.8,4.23,0.478,1,384000.0,1,1000.0,2,0,0.27,150.0,1,1,0,0,0,1,0,0,1,0,0,0,0,0,1,0,0,0,0
i637 Jack,2.4,120,2009,117.0,61.0,12.7,3.6,0.25,0,76800.0,1,1480.0,2,0,0.5218382352941175,256.0,1,1,0,0,0,1,0,0,1,0,0,0,0,0,1,0,0,0,0
I7500 Galaxy,3.2,140,2009,115.9,56.0,11.9,4.09,0.47,1,153600.0,1,1500.0,2,0,0.61,8192.0,1,1,0,0,0,1,0,0,0,0,0,0,0,0,1,0,0,0,0
A877 Impression,3.2,110,2009,114.0,58.0,15.0,5.29,0.441,1,96000.0,1,1000.0,2,0,0.5218382352941175,190.0,1,1,0,0,0,1,0,0,1,0,0,0,0,0,0,0,0,0,0
Propel Pro,2.55,80,2009,99.0,60.0,15.0,4.83,0.353,0,102400.0,1,1000.0,2,0,0.5218382352941175,256.0,1,1,0,0,0,1,0,0,1,0,0,0,0,0,1,0,0,0,0
S5600 Preston,2.8,90,2009,102.8,54.8,12.9,3.39,0.431,1,76800.0,1,1000.0,2,0,0.96,80.0,1,1,0,0,0,1,0,0,1,0,0,0,0,0,0,0,0,0,0
i8910 Omnia HD,3.7,150,2009,123.0,58.0,12.9,5.22,0.529,1,230400.0,1,1500.0,2,0,0.43,16384.0,1,1,0,0,0,1,0,0,0,1,0,0,0,0,1,0,0,0,0
S8300 UltraTOUCH,2.8,140,2009,110.0,51.5,12.7,3.7,0.394,1,96000.0,1,880.0,2,0,0.55,80.0,1,1,0,0,0,1,0,0,1,0,0,0,0,0,0,0,0,0,0
M7600 Beat DJ,2.8,150,2009,112.0,51.0,13.9,3.49,0.391,1,96000.0,1,960.0,2,0,0.73,50.0,1,1,0,0,0,1,0,0,1,0,0,0,0,0,0,0,0,0,0
S7220 Ultra b,2.2,90,2009,114.0,46.3,11.8,3.17,0.284,0,76800.0,1,960.0,2,0,1.08,110.0,1,1,0,0,0,1,0,0,1,0,0,0,0,0,0,0,0,0,0
C5220,2.0,60,2009,99.0,49.5,18.2,3.53,0.257,0,38720.0,1,960.0,0,0,1.26,35.0,1,1,0,0,0,1,0,0,1,0,0,0,0,0,0,0,0,0,0
T929 Memoir,3.0,110,2009,105.9,53.6,14.0,4.41,0.451,1,96000.0,1,1000.0,2,0,0.5218382352941175,0.0,1,1,0,0,0,1,0,0,1,0,0,0,0,0,0,0,0,0,0
C6625,2.6,140,2008,113.3,63.0,11.9,3.84,0.293,0,76800.0,1,1300.0,2,0,0.66,100.0,1,1,0,0,0,1,0,0,1,0,0,0,0,0,0,0,0,0,0
A867 Eternity,3.2,70,2008,109.0,56.0,13.0,3.88,0.477,1,96000.0,1,1330.0,2,0,0.82,200.0,1,1,0,0,0,1,0,0,1,0,0,0,0,0,0,0,0,0,0
A777,2.3,70,2008,102.0,48.0,14.0,3.39,0.34,0,38720.0,1,880.0,2,0,0.5218382352941175,50.0,1,1,0,0,0,1,0,0,1,0,0,0,0,0,0,0,0,0,0
C6620,2.6,90,2008,113.3,63.0,11.9,3.81,0.293,0,76800.0,1,1300.0,2,0,0.43,20.0,1,1,0,0,0,1,0,0,1,0,0,0,0,0,0,0,0,0,0
i907 Epix,2.5,90,2008,116.0,61.0,13.0,4.41,0.285,1,102400.0,1,1800.0,2,0,0.5218382352941175,256.0,1,1,0,0,0,1,0,0,1,0,0,0,0,0,1,0,0,0,0
A767 Propel,2.2,60,2008,98.0,59.0,15.0,3.77,0.263,0,38720.0,1,1000.0,2,0,0.39,50.0,1,1,0,0,0,1,0,0,1,0,0,0,0,0,0,0,0,0,0
i7110,2.6,170,2008,118.0,52.0,12.9,4.41,0.341,0,76800.0,1,1200.0,2,0,0.82,78.0,1,1,0,0,0,1,0,0,1,0,0,0,0,0,1,0,0,0,0
M8800 Pixon,3.2,140,2008,107.9,54.6,13.8,4.27,0.495,1,96000.0,1,1000.0,2,0,0.73,200.0,1,1,0,0,0,1,0,0,1,0,0,0,0,0,0,0,0,0,0
M7500 Emporio Armani,2.2,130,2008,114.9,47.4,12.0,3.21,0.275,0,76800.0,1,960.0,2,0,0.78,120.0,1,1,0,0,0,1,0,0,1,0,0,0,0,0,0,0,0,0,0
A637,1.9,80,2008,86.0,43.0,20.0,3.25,0.309,0,25344.0,1,800.0,2,0,0.5218382352941175,50.0,1,1,0,0,0,1,0,0,1,0,0,0,0,0,0,0,0,0,0
A837 Rugby,2.0,130,2008,100.0,52.0,23.0,4.66,0.242,0,38720.0,1,1000.0,2,0,0.5218382352941175,128.0,1,1,0,0,0,1,0,0,1,0,0,0,0,0,0,0,0,0,0
B2700,1.9,150,2008,115.0,52.0,18.0,4.02,0.19,0,38720.0,1,1300.0,2,0,1.0,26.0,1,1,0,0,0,1,0,0,1,0,0,0,0,0,0,0,0,0,0
i8510 INNOV8,2.8,200,2008,106.5,53.9,17.2,4.8,0.423,0,76800.0,1,1200.0,2,0,0.41,16384.0,1,1,0,0,0,1,0,0,1,0,0,0,0,0,1,0,0,0,0
S7330,2.2,90,2008,104.8,49.4,13.9,3.88,0.29,0,76800.0,1,880.0,2,0,0.52,35.0,1,1,0,0,0,1,0,0,1,0,0,0,0,0,0,0,0,0,0
L700,2.1,120,2008,109.0,46.0,12.8,3.77,0.277,0,38720.0,1,960.0,2,0,0.72,40.0,1,1,0,0,0,1,0,0,1,0,0,0,0,0,0,0,0,0,0
i900 Omnia,3.2,160,2008,112.0,56.9,12.5,4.3,0.457,1,96000.0,1,1440.0,2,0,0.67,16384.0,1,1,0,0,0,1,0,0,1,0,0,0,0,0,1,0,0,0,0
L870,2.4,130,2008,103.5,50.5,13.5,4.23,0.341,0,76800.0,1,1000.0,2,0,0.36,100.0,1,1,0,0,0,1,0,0,1,0,0,0,0,0,0,0,0,0,0
U900 Soul,2.2,120,2008,105.9,49.5,12.9,3.95,0.28600000000000003,0,76800.0,1,880.0,2,0,0.69,128.0,1,1,0,0,0,1,0,0,1,0,0,0,0,0,0,0,0,0,0
L810v Steel,2.2,130,2008,104.2,48.9,14.2,3.84,0.294,0,76800.0,1,880.0,2,0,0.79,0.0,1,1,0,0,0,1,0,0,1,0,0,0,0,0,0,0,0,0,0
F480,2.8,140,2008,98.4,55.0,11.6,3.56,0.449,1,76800.0,1,1000.0,2,0,0.9,232.0,1,1,0,0,0,1,0,0,1,0,0,0,0,0,0,0,0,0,0
G810,2.6,110,2008,103.0,52.9,17.9,4.9,0.384,0,76800.0,1,1200.0,2,0,0.2,130.0,1,1,0,0,0,1,0,0,0,1,0,0,0,0,1,0,0,0,0
A827 Access,2.3,70,2008,114.0,58.0,12.0,3.46,0.248,0,76800.0,1,1300.0,2,0,0.5218382352941175,100.0,1,1,0,0,0,1,0,0,1,0,0,0,0,0,0,0,0,0,0
F400,2.2,100,2008,103.2,48.2,16.9,3.7,0.301,0,76800.0,1,960.0,2,0,0.5,24.0,1,1,0,0,0,1,0,0,1,0,0,0,0,0,0,0,0,0,0
L770,2.1,100,2008,102.0,48.0,14.2,2.96,0.279,0,76800.0,1,880.0,2,0,0.63,30.0,1,1,0,0,0,1,0,0,1,0,0,0,0,0,0,0,0,0,0
A727,2.0,60,2007,114.0,50.0,9.0,2.82,0.221,0,38720.0,1,1000.0,2,0,0.5218382352941175,30.0,1,1,0,0,0,1,0,0,1,0,0,0,0,0,0,0,0,0,0
SPH-i325 Ace,2.3,110,2007,118.0,59.0,11.0,3.84,0.235,0,76800.0,1,1300.0,2,0,0.5218382352941175,192.0,1,1,0,0,0,1,0,0,1,0,0,0,0,0,0,0,0,0,1
i640,2.4,150,2008,94.4,61.0,16.9,5.22,0.31,0,76800.0,1,1000.0,2,0,0.5218382352941175,128.0,1,1,0,0,0,1,0,0,1,0,0,0,0,0,0,0,0,0,0
L170,1.6,80,2008,102.3,45.8,10.7,3.03,0.172,0,38720.0,1,880.0,2,0,0.7,21.0,1,1,0,0,0,1,0,0,1,0,0,0,0,0,0,0,0,0,0
T819,2.1,90,2008,101.6,50.8,15.2,3.49,0.269,0,38720.0,1,1000.0,2,0,0.5218382352941175,30.0,1,1,0,0,0,1,0,0,1,0,0,0,0,0,0,0,0,0,0
F490,3.3,150,2008,115.0,53.5,11.8,3.6,0.485,1,103680.0,1,880.0,2,0,0.4,130.0,1,1,0,0,0,1,0,0,1,0,0,0,0,0,0,0,0,0,0
i780,2.55,150,2007,115.9,61.3,12.9,4.23,0.295,1,102400.0,1,1480.0,2,0,0.51,256.0,1,1,0,0,0,1,0,0,1,0,0,0,0,0,1,0,0,0,0
i550,2.6,130,2007,115.0,53.0,13.8,3.84,0.343,0,76800.0,1,1200.0,2,0,0.72,150.0,1,1,0,0,0,1,0,0,0,1,0,0,0,0,1,0,0,0,0
J400,2.0,80,2008,99.0,49.5,15.9,3.56,0.257,0,38720.0,1,820.0,2,0,0.19,8.0,1,1,0,0,0,1,0,0,1,0,0,0,0,0,0,0,0,0,0
J750,1.8,70,2007,99.0,48.0,18.4,2.79,0.215,0,38720.0,1,800.0,2,0,0.54,8.0,1,1,0,0,0,1,0,0,1,0,0,0,0,0,0,0,0,0,0
T639,2.2,60,2007,94.0,38.0,17.0,3.21,0.426,0,38720.0,1,880.0,2,0,0.5218382352941175,30.0,1,1,0,0,0,1,0,0,1,0,0,0,0,0,0,0,0,0,0
F700,3.2,280,2007,112.0,56.0,15.9,4.9,0.443,1,105600.0,1,1000.0,2,0,0.08,112.0,1,1,0,0,0,1,0,0,1,0,0,0,0,0,0,0,0,0,0
i620,2.2,130,2007,94.9,59.3,16.3,4.44,0.266,0,76800.0,1,1200.0,2,0,0.38,80.0,1,1,0,0,0,1,0,0,1,0,0,0,0,0,0,0,0,0,0
Z240,2.1,90,2007,94.7,49.6,16.8,3.39,0.295,0,38720.0,1,900.0,1,0,0.67,58.0,1,1,0,0,0,1,0,0,1,0,0,0,0,0,0,0,0,0,0
Z170,1.8,80,2007,117.5,48.5,9.3,2.68,0.179,0,38720.0,1,880.0,1,0,0.31,55.0,1,1,0,0,0,1,0,0,1,0,0,0,0,0,0,0,0,0,0
U700,2.2,130,2007,102.5,50.0,12.1,3.03,0.292,0,76800.0,1,690.0,2,0,0.88,40.0,1,1,0,0,0,1,0,0,1,0,0,0,0,0,0,0,0,0,0
i520,2.3,140,2007,101.7,50.5,17.9,3.49,0.319,0,76800.0,1,950.0,2,0,0.49,35.0,1,1,0,0,0,1,0,0,0,1,0,0,0,0,0,0,0,0,0
i600,2.3,220,2006,113.0,59.0,11.8,3.7,0.246,0,76800.0,1,1200.0,2,0,0.78,128.0,1,1,0,0,0,1,0,0,1,0,0,0,0,0,1,0,0,0,0
i617 BlackJack II,2.4,100,2007,114.0,61.0,13.0,4.09,0.257,0,76800.0,1,1700.0,2,0,0.47,256.0,1,1,0,0,0,1,0,0,1,0,0,0,0,0,0,0,0,0,0
i607 BlackJack,2.3,240,2006,113.0,59.0,11.8,3.7,0.246,0,76800.0,1,1200.0,2,0,0.5218382352941175,128.0,1,1,0,0,0,1,0,0,1,0,0,0,0,0,0,0,0,0,0
F500,2.4,190,2006,116.4,50.4,10.7,3.77,0.304,0,76800.0,1,900.0,2,0,0.9,350.0,1,1,0,0,0,1,0,0,1,0,0,0,0,0,0,0,0,0,0
P930,2.3,290,2006,107.0,49.0,19.7,4.2,0.312,0,76800.0,1,950.0,1,0,0.7,20.0,1,1,0,0,0,1,0,0,1,0,0,0,0,0,0,0,0,0,0
Z720,2.1,180,2006,104.5,51.3,13.8,2.82,0.255,0,76800.0,1,900.0,2,0,0.8,20.0,1,1,0,0,0,1,0,0,1,0,0,0,0,0,0,0,0,0,0
Z370,1.9,140,2006,112.0,50.0,8.4,2.5,0.203,0,38720.0,1,900.0,1,0,0.99,20.0,1,1,0,0,0,1,0,0,1,0,0,0,0,0,0,0,0,0,0
